지점,날짜,평균기온(℃),최고기온(℃),최저기온(℃),일강수량(mm),평균풍속(m/s),평균 상대습도(%)
2,2015-03-31,7.5,7.5,7.5,0.0,1.1,56.6
2,2015-04-01,11.5,11.5,11.5,0.5,0.2,94.5
2,2015-04-02,3.8,3.8,3.8,0.0,0.9,83.4
3,2015-03-31,16.8,16.8,16.8,0.0,2.9,
3,2015-04-01,17.0,17.0,17.0,0.0,0.4,
3,2015-04-02,13.5,13.5,13.5,0.0,3.7,
5,2015-03-31,13.4,13.4,13.4,0.0,0.2,
5,2015-04-01,15.7,15.7,15.7,0.0,0.3,
5,2015-04-02,13.7,13.7,13.7,0.0,4.3,
6,2015-03-31,12.8,12.8,12.8,0.0,2.0,
6,2015-04-01,15.1,15.1,15.1,0.0,1.7,
6,2015-04-02,11.0,11.0,11.0,0.0,5.8,
7,2015-03-31,13.0,13.0,13.0,0.0,1.3,
7,2015-04-01,15.2,15.2,15.2,0.0,2.1,
7,2015-04-02,12.2,12.2,12.2,0.0,1.1,
8,2015-03-31,9.8,9.8,9.8,0.0,7.0,
8,2015-04-01,11.3,11.3,11.3,0.0,2.6,
8,2015-04-02,13.0,13.0,13.0,0.0,2.3,
9,2015-03-31,9.6,9.6,9.6,0.0,2.7,67.8
9,2015-04-01,11.4,11.4,11.4,0.0,2.4,90.1
9,2015-04-02,12.5,12.5,12.5,0.0,1.6,64.7
10,2015-03-31,5.0,5.0,5.0,0.0,,96.7
10,2015-04-01,9.3,9.3,9.3,0.0,,96.7
10,2015-04-02,9.8,9.8,9.8,0.0,,89.8
11,2015-03-31,9.7,9.7,9.7,0.0,2.8,
11,2015-04-01,12.6,12.6,12.6,0.0,0.6,
11,2015-04-02,11.1,11.1,11.1,0.0,0.6,
12,2015-03-31,6.8,6.8,6.8,0.0,2.6,89.7
12,2015-04-01,12.3,12.3,12.3,0.0,2.9,91.9
12,2015-04-02,10.3,10.3,10.3,0.0,4.7,79.8
13,2015-03-31,14.7,14.7,14.7,0.0,4.4,85.6
13,2015-04-01,13.9,13.9,13.9,0.0,4.4,100.0
13,2015-04-02,13.1,13.1,13.1,0.0,5.0,92.4
16,2015-03-31,14.2,14.2,14.2,0.0,3.4,
16,2015-04-01,15.0,15.0,15.0,0.0,2.1,
16,2015-04-02,13.1,13.1,13.1,0.0,0.9,
17,2015-03-31,13.4,13.4,13.4,0.0,4.8,
17,2015-04-01,14.3,14.3,14.3,0.0,2.9,
17,2015-04-02,11.5,11.5,11.5,0.0,1.0,
18,2015-03-31,13.8,13.8,13.8,0.0,2.6,
18,2015-04-01,15.2,15.2,15.2,0.0,3.0,
18,2015-04-02,11.1,11.1,11.1,0.0,2.9,
19,2015-03-31,13.1,13.1,13.1,0.0,1.7,
19,2015-04-01,14.9,14.9,14.9,0.0,1.8,
19,2015-04-02,9.8,9.8,9.8,0.0,2.0,
26,2015-03-31,11.1,11.1,11.1,0.0,2.4,
26,2015-04-01,14.0,14.0,14.0,0.0,0.5,
26,2015-04-02,16.0,16.0,16.0,0.0,1.3,
36,2015-03-31,12.3,12.3,12.3,0.0,,
58,2015-03-31,10.7,10.7,10.7,0.0,1.0,
58,2015-04-01,14.8,14.8,14.8,0.0,0.5,
58,2015-04-02,13.2,13.2,13.2,0.0,2.6,
61,2015-03-31,13.3,13.3,13.3,0.0,1.0,
61,2015-04-01,15.0,15.0,15.0,0.0,2.1,
61,2015-04-02,10.7,10.7,10.7,0.0,5.4,
78,2015-03-31,13.2,13.2,13.2,0.0,2.8,
78,2015-04-01,14.6,14.6,14.6,0.5,0.8,
78,2015-04-02,11.4,11.4,11.4,0.0,3.0,
88,2015-03-31,11.1,11.1,11.1,0.0,0.7,
88,2015-04-01,13.2,13.2,13.2,0.0,2.0,
88,2015-04-02,9.4,9.4,9.4,0.0,5.1,
90,2015-03-31,18.2,18.2,18.2,0.0,1.7,23.6
90,2015-04-01,9.0,9.0,9.0,1.0,4.0,98.5
90,2015-04-02,5.9,5.9,5.9,0.0,1.2,98.9
92,2015-03-31,17.8,17.8,17.8,0.0,6.0,
92,2015-04-01,8.4,8.4,8.4,0.0,6.0,
92,2015-04-02,3.2,3.2,3.2,0.0,2.0,
95,2015-03-31,5.9,5.9,5.9,0.0,0.3,57.2
95,2015-04-01,10.9,10.9,10.9,1.0,0.9,94.7
95,2015-04-02,4.6,4.6,4.6,0.0,0.4,86.2
96,2015-03-31,11.1,11.1,11.1,0.0,1.2,87.2
96,2015-04-01,11.6,11.6,11.6,0.0,6.5,95.3
96,2015-04-02,6.9,6.9,6.9,0.0,3.0,73.6
98,2015-03-31,10.3,10.3,10.3,0.0,0.6,64.4
98,2015-04-01,11.7,11.7,11.7,0.0,0.7,98.8
98,2015-04-02,8.7,8.7,8.7,0.0,0.8,64.7
99,2015-03-31,7.5,7.5,7.5,0.0,0.2,75.8
99,2015-04-01,11.1,11.1,11.1,0.1,2.2,92.4
99,2015-04-02,7.3,7.3,7.3,0.0,2.2,66.8
100,2015-03-31,10.9,10.9,10.9,0.0,8.1,44.8
100,2015-04-01,9.4,9.4,9.4,2.5,1.8,93.7
100,2015-04-02,0.0,0.0,0.0,0.0,0.3,93.6
101,2015-03-31,9.3,9.3,9.3,0.0,0.6,58.3
101,2015-04-01,12.3,12.3,12.3,1.1,0.5,99.9
101,2015-04-02,5.7,5.7,5.7,0.0,1.7,87.5
102,2015-03-31,5.3,5.3,5.3,0.0,5.8,96.0
102,2015-04-01,6.8,6.8,6.8,0.0,3.2,97.3
102,2015-04-02,9.5,9.5,9.5,0.0,6.6,66.1
104,2015-03-31,16.2,16.2,16.2,0.0,2.7,31.4
104,2015-04-01,11.0,11.0,11.0,4.0,3.1,86.5
104,2015-04-02,3.3,3.3,3.3,0.0,0.9,93.0
105,2015-03-31,17.8,17.8,17.8,0.0,3.6,29.4
105,2015-04-01,13.5,13.5,13.5,3.0,1.0,92.7
105,2015-04-02,3.8,3.8,3.8,0.0,,91.6
106,2015-03-31,17.8,17.8,17.8,0.0,1.6,29.9
106,2015-04-01,13.5,13.5,13.5,2.0,4.3,86.3
106,2015-04-02,6.3,6.3,6.3,0.0,0.8,85.1
108,2015-03-31,12.1,12.1,12.1,0.0,1.6,66.6
108,2015-04-01,12.5,12.5,12.5,0.0,2.8,98.7
108,2015-04-02,10.0,10.0,10.0,0.0,4.6,61.9
110,2015-03-31,8.1,8.1,8.1,0.0,0.8,
110,2015-04-01,11.9,11.9,11.9,0.0,1.2,
110,2015-04-02,10.9,10.9,10.9,0.0,3.4,
112,2015-03-31,9.7,9.7,9.7,0.0,1.7,98.9
112,2015-04-01,12.7,12.7,12.7,0.0,1.6,98.9
112,2015-04-02,11.8,11.8,11.8,0.0,4.0,72.5
113,2015-03-31,8.4,8.4,8.4,0.0,2.0,
113,2015-04-01,11.4,11.4,11.4,0.0,2.6,
113,2015-04-02,11.1,11.1,11.1,0.0,5.0,
114,2015-03-31,12.9,12.9,12.9,0.0,1.2,55.4
114,2015-04-01,12.8,12.8,12.8,0.5,0.5,99.8
114,2015-04-02,9.6,9.6,9.6,0.0,1.8,70.0
115,2015-03-31,12.0,12.0,12.0,0.0,5.8,67.3
115,2015-04-01,12.8,12.8,12.8,0.0,4.9,92.6
115,2015-04-02,5.0,5.0,5.0,0.0,2.7,83.6
116,2015-03-31,8.8,8.8,8.8,0.0,3.2,92.2
116,2015-04-01,10.6,10.6,10.6,0.5,0.5,99.9
116,2015-04-02,6.4,6.4,6.4,0.0,5.8,84.3
119,2015-03-31,9.4,9.4,9.4,0.0,0.0,81.7
119,2015-04-01,12.8,12.8,12.8,0.0,1.3,99.9
119,2015-04-02,11.1,11.1,11.1,0.0,4.7,64.1
121,2015-03-31,14.0,14.0,14.0,0.0,3.2,43.8
121,2015-04-01,11.7,11.7,11.7,0.5,0.0,99.2
121,2015-04-02,6.3,6.3,6.3,0.0,1.7,78.0
127,2015-03-31,10.6,10.6,10.6,0.0,1.3,56.0
127,2015-04-01,11.9,11.9,11.9,0.1,0.2,99.9
127,2015-04-02,10.1,10.1,10.1,0.0,2.3,61.3
129,2015-03-31,6.5,6.5,6.5,0.0,0.2,92.9
129,2015-04-01,12.7,12.7,12.7,0.2,1.7,92.9
129,2015-04-02,11.3,11.3,11.3,0.0,1.8,74.5
130,2015-03-31,15.8,15.8,15.8,0.0,3.9,52.6
130,2015-04-01,15.4,15.4,15.4,0.0,4.0,67.1
130,2015-04-02,6.9,6.9,6.9,0.0,0.0,82.0
131,2015-03-31,13.7,13.7,13.7,0.0,0.2,46.3
131,2015-04-01,13.0,13.0,13.0,0.5,1.1,99.1
131,2015-04-02,11.2,11.2,11.2,0.0,1.6,65.8
133,2015-03-31,12.8,12.8,12.8,0.0,1.7,74.0
133,2015-04-01,13.2,13.2,13.2,0.0,0.6,99.3
133,2015-04-02,10.1,10.1,10.1,0.0,4.8,83.1
135,2015-03-31,10.7,10.7,10.7,0.0,0.6,56.8
135,2015-04-01,11.3,11.3,11.3,0.0,0.8,94.5
135,2015-04-02,7.2,7.2,7.2,0.0,3.8,86.9
136,2015-03-31,13.2,13.2,13.2,0.0,1.5,45.7
136,2015-04-01,12.0,12.0,12.0,0.0,0.5,94.6
136,2015-04-02,7.9,7.9,7.9,0.0,0.4,75.1
137,2015-03-31,15.5,15.5,15.5,0.0,2.2,55.3
137,2015-04-01,12.3,12.3,12.3,0.0,0.0,91.5
137,2015-04-02,8.5,8.5,8.5,0.0,1.4,81.9
138,2015-03-31,15.7,15.7,15.7,0.0,2.4,57.2
138,2015-04-01,16.5,16.5,16.5,0.0,1.6,82.2
138,2015-04-02,9.1,9.1,9.1,0.0,2.8,81.3
140,2015-03-31,8.9,8.9,8.9,0.0,0.2,99.4
140,2015-04-01,13.3,13.3,13.3,0.0,0.5,99.4
140,2015-04-02,9.9,9.9,9.9,0.0,2.1,99.4
143,2015-03-31,15.3,15.3,15.3,0.0,1.1,66.9
143,2015-04-01,15.2,15.2,15.2,0.0,0.6,95.7
143,2015-04-02,9.8,9.8,9.8,0.0,3.8,81.4
146,2015-03-31,11.2,11.2,11.2,0.0,0.6,64.8
146,2015-04-01,16.4,16.4,16.4,0.0,0.9,86.3
146,2015-04-02,12.7,12.7,12.7,0.0,2.8,82.6
151,2015-03-31,7.6,7.6,7.6,0.0,1.5,
151,2015-04-01,14.8,14.8,14.8,0.0,0.5,
151,2015-04-02,10.1,10.1,10.1,0.0,2.5,
152,2015-03-31,14.5,14.5,14.5,0.0,0.2,58.0
152,2015-04-01,15.5,15.5,15.5,0.0,1.1,90.4
152,2015-04-02,10.7,10.7,10.7,0.0,2.4,70.5
155,2015-03-31,12.0,12.0,12.0,0.0,1.1,82.4
155,2015-04-01,14.4,14.4,14.4,0.0,0.0,92.8
155,2015-04-02,10.6,10.6,10.6,0.0,1.3,77.3
156,2015-03-31,14.1,14.1,14.1,0.0,1.6,66.1
156,2015-04-01,16.0,16.0,16.0,0.0,0.5,83.3
156,2015-04-02,13.5,13.5,13.5,0.0,2.2,71.3
159,2015-03-31,14.6,14.6,14.6,0.0,6.2,71.9
159,2015-04-01,15.2,15.2,15.2,0.5,1.2,99.8
159,2015-04-02,10.7,10.7,10.7,0.0,3.5,77.4
160,2015-03-31,10.7,10.7,10.7,0.0,9.3,85.4
160,2015-04-01,13.6,13.6,13.6,0.5,5.3,97.9
160,2015-04-02,6.2,6.2,6.2,0.0,4.7,93.6
162,2015-03-31,12.3,12.3,12.3,0.0,1.0,97.0
162,2015-04-01,14.0,14.0,14.0,0.0,0.8,97.9
162,2015-04-02,10.6,10.6,10.6,0.0,3.1,76.7
163,2015-03-31,9.8,9.8,9.8,0.0,3.0,
163,2015-04-01,15.3,15.3,15.3,0.0,2.0,
163,2015-04-02,12.8,12.8,12.8,0.0,5.0,
165,2015-03-31,12.5,12.5,12.5,0.0,2.6,99.9
165,2015-04-01,15.2,15.2,15.2,0.0,2.9,99.9
165,2015-04-02,12.2,12.2,12.2,0.0,4.5,98.1
167,2015-03-31,10.6,10.6,10.6,0.0,0.0,
167,2015-04-01,13.5,13.5,13.5,0.0,1.0,
167,2015-04-02,10.4,10.4,10.4,0.0,4.0,
168,2015-03-31,12.9,12.9,12.9,0.0,0.2,84.5
168,2015-04-01,13.9,13.9,13.9,0.0,2.6,89.3
168,2015-04-02,10.0,10.0,10.0,0.0,7.3,78.9
169,2015-03-31,11.0,11.0,11.0,0.0,7.0,96.9
169,2015-04-01,10.8,10.8,10.8,0.0,3.4,98.7
169,2015-04-02,9.7,9.7,9.7,0.0,14.5,90.7
170,2015-03-31,11.1,11.1,11.1,0.0,0.8,92.5
170,2015-04-01,13.8,13.8,13.8,0.0,0.5,97.2
170,2015-04-02,11.0,11.0,11.0,0.0,6.1,79.7
172,2015-03-31,10.1,10.1,10.1,0.0,1.3,94.5
172,2015-04-01,15.7,15.7,15.7,0.0,2.9,93.3
172,2015-04-02,12.8,12.8,12.8,0.0,4.6,90.2
174,2015-03-31,8.8,8.8,8.8,0.0,0.5,90.5
174,2015-04-01,13.6,13.6,13.6,0.0,0.1,93.8
174,2015-04-02,10.3,10.3,10.3,0.0,2.1,80.0
175,2015-03-31,10.7,10.7,10.7,0.0,4.4,94.2
175,2015-04-01,12.8,12.8,12.8,0.0,2.8,99.9
175,2015-04-02,7.0,7.0,7.0,0.0,12.7,99.9
176,2015-03-31,14.3,14.3,14.3,0.0,1.0,
176,2015-04-01,15.0,15.0,15.0,0.0,0.4,
176,2015-04-02,9.0,9.0,9.0,0.0,4.2,
182,2015-03-31,14.0,14.0,14.0,0.0,2.0,83.0
182,2015-04-01,16.2,16.2,16.2,0.0,3.5,93.0
182,2015-04-02,13.5,13.5,13.5,0.0,13.0,83.0
184,2015-03-31,14.9,14.9,14.9,0.0,0.3,80.8
184,2015-04-01,16.7,16.7,16.7,0.0,2.0,95.0
184,2015-04-02,14.0,14.0,14.0,0.0,5.5,87.7
185,2015-03-31,14.6,14.6,14.6,0.0,6.9,87.9
185,2015-04-01,13.4,13.4,13.4,0.0,5.7,99.9
185,2015-04-02,13.3,13.3,13.3,0.0,7.0,91.5
188,2015-03-31,14.1,14.1,14.1,0.0,1.8,89.6
188,2015-04-01,16.1,16.1,16.1,0.0,3.6,97.7
188,2015-04-02,13.4,13.4,13.4,0.0,4.5,89.5
189,2015-03-31,16.6,16.6,16.6,0.0,0.9,79.4
189,2015-04-01,16.1,16.1,16.1,0.0,1.8,99.3
189,2015-04-02,13.3,13.3,13.3,0.0,5.3,95.6
192,2015-03-31,12.6,12.6,12.6,0.0,1.1,91.4
192,2015-04-01,12.9,12.9,12.9,0.0,0.2,97.9
192,2015-04-02,8.8,8.8,8.8,0.0,0.4,97.9
201,2015-03-31,7.7,7.7,7.7,0.0,0.5,87.2
201,2015-04-01,11.9,11.9,11.9,0.0,2.2,92.7
201,2015-04-02,9.5,9.5,9.5,0.0,2.9,66.1
202,2015-03-31,11.9,11.9,11.9,0.0,0.9,61.8
202,2015-04-01,12.1,12.1,12.1,0.0,0.3,99.9
202,2015-04-02,9.7,9.7,9.7,0.0,2.8,64.1
203,2015-03-31,10.5,10.5,10.5,0.0,0.3,60.8
203,2015-04-01,11.6,11.6,11.6,0.4,0.8,91.0
203,2015-04-02,9.3,9.3,9.3,0.0,2.6,60.1
211,2015-03-31,13.6,13.6,13.6,0.0,4.0,34.9
211,2015-04-01,11.2,11.2,11.2,0.5,0.8,96.0
211,2015-04-02,2.3,2.3,2.3,0.0,1.4,89.4
212,2015-03-31,9.2,9.2,9.2,0.0,0.4,49.8
212,2015-04-01,12.1,12.1,12.1,0.5,0.8,99.9
212,2015-04-02,5.6,5.6,5.6,0.0,1.4,74.1
216,2015-03-31,13.1,13.1,13.1,0.0,1.8,32.8
216,2015-04-01,12.7,12.7,12.7,0.0,0.8,78.7
216,2015-04-02,2.1,2.1,2.1,0.0,2.0,89.8
217,2015-03-31,14.5,14.5,14.5,0.0,3.6,38.5
217,2015-04-01,11.1,11.1,11.1,0.5,0.7,99.9
217,2015-04-02,3.2,3.2,3.2,0.0,0.4,85.0
221,2015-03-31,7.9,7.9,7.9,0.0,1.0,67.0
221,2015-04-01,10.9,10.9,10.9,0.0,0.1,93.9
221,2015-04-02,5.3,5.3,5.3,0.0,2.4,77.8
226,2015-03-31,7.9,7.9,7.9,0.0,0.7,62.5
226,2015-04-01,11.6,11.6,11.6,0.0,0.6,99.9
226,2015-04-02,8.6,8.6,8.6,0.0,2.2,75.9
229,2015-03-31,6.4,6.4,6.4,0.0,6.4,99.3
229,2015-04-01,8.4,8.4,8.4,0.0,4.7,99.3
229,2015-04-02,8.5,8.5,8.5,0.0,7.3,99.3
232,2015-03-31,8.6,8.6,8.6,0.0,0.9,75.0
232,2015-04-01,13.0,13.0,13.0,0.0,0.9,96.9
232,2015-04-02,10.6,10.6,10.6,0.0,3.3,70.5
233,2015-03-31,8.7,8.7,8.7,0.0,0.2,
233,2015-04-01,12.5,12.5,12.5,0.0,1.0,
233,2015-04-02,10.3,10.3,10.3,0.0,2.4,
235,2015-03-31,9.0,9.0,9.0,0.0,0.8,99.9
235,2015-04-01,13.9,13.9,13.9,0.0,1.1,99.9
235,2015-04-02,12.1,12.1,12.1,0.0,1.4,77.8
236,2015-03-31,8.7,8.7,8.7,0.0,0.4,87.4
236,2015-04-01,12.6,12.6,12.6,0.0,0.1,98.8
236,2015-04-02,10.3,10.3,10.3,0.0,1.6,80.8
238,2015-03-31,9.9,9.9,9.9,0.0,0.3,76.3
238,2015-04-01,12.3,12.3,12.3,0.0,0.6,99.8
238,2015-04-02,9.5,9.5,9.5,0.0,1.2,87.5
243,2015-03-31,8.1,8.1,8.1,0.0,0.2,88.2
243,2015-04-01,13.6,13.6,13.6,0.0,0.5,89.6
243,2015-04-02,12.6,12.6,12.6,0.0,2.4,90.5
244,2015-03-31,7.9,7.9,7.9,0.0,0.3,78.7
244,2015-04-01,13.0,13.0,13.0,0.0,0.8,96.0
244,2015-04-02,9.7,9.7,9.7,0.0,2.4,79.1
245,2015-03-31,10.4,10.4,10.4,0.0,0.1,90.7
245,2015-04-01,15.4,15.4,15.4,0.0,0.5,95.7
245,2015-04-02,13.4,13.4,13.4,0.0,2.0,90.6
247,2015-03-31,9.8,9.8,9.8,0.0,1.6,85.2
247,2015-04-01,13.5,13.5,13.5,0.0,0.4,87.7
247,2015-04-02,10.0,10.0,10.0,0.0,3.4,73.1
248,2015-03-31,7.7,7.7,7.7,0.0,0.4,99.9
248,2015-04-01,13.6,13.6,13.6,0.0,0.2,
248,2015-04-02,9.8,9.8,9.8,0.0,2.1,92.8
251,2015-03-31,11.0,11.0,11.0,0.0,0.1,83.3
251,2015-04-01,16.5,16.5,16.5,0.0,0.6,84.7
251,2015-04-02,13.9,13.9,13.9,0.0,3.7,86.5
252,2015-03-31,10.7,10.7,10.7,0.0,2.1,87.5
252,2015-04-01,15.9,15.9,15.9,0.0,1.7,88.8
252,2015-04-02,12.8,12.8,12.8,0.0,4.4,83.2
253,2015-03-31,13.6,13.6,13.6,0.0,0.7,60.7
253,2015-04-01,15.3,15.3,15.3,0.0,0.1,97.9
253,2015-04-02,10.6,10.6,10.6,0.0,0.7,68.6
254,2015-03-31,11.7,11.7,11.7,0.0,2.1,78.4
254,2015-04-01,15.0,15.0,15.0,0.0,0.0,94.3
254,2015-04-02,11.6,11.6,11.6,0.0,1.4,93.7
255,2015-03-31,13.0,13.0,13.0,0.0,0.6,76.5
255,2015-04-01,14.1,14.1,14.1,0.0,0.1,99.4
255,2015-04-02,9.8,9.8,9.8,0.0,0.5,82.2
257,2015-03-31,11.9,11.9,11.9,0.0,1.9,69.9
257,2015-04-01,14.5,14.5,14.5,0.0,0.2,88.6
257,2015-04-02,10.6,10.6,10.6,0.0,3.9,70.6
258,2015-03-31,8.8,8.8,8.8,0.0,1.6,85.0
258,2015-04-01,14.4,14.4,14.4,0.0,1.1,87.7
258,2015-04-02,11.1,11.1,11.1,0.0,3.6,78.5
259,2015-03-31,9.2,9.2,9.2,0.0,0.4,96.2
259,2015-04-01,14.3,14.3,14.3,0.0,0.5,98.7
259,2015-04-02,11.7,11.7,11.7,0.0,3.5,81.3
260,2015-03-31,9.3,9.3,9.3,0.0,0.1,99.9
260,2015-04-01,14.9,14.9,14.9,0.0,0.5,
260,2015-04-02,11.6,11.6,11.6,0.0,2.7,96.6
261,2015-03-31,9.2,9.2,9.2,0.0,0.5,99.9
261,2015-04-01,16.0,16.0,16.0,0.0,1.3,99.9
261,2015-04-02,11.9,11.9,11.9,0.0,4.7,83.0
262,2015-03-31,8.9,8.9,8.9,0.0,0.2,96.1
262,2015-04-01,14.4,14.4,14.4,0.0,1.0,98.3
262,2015-04-02,11.5,11.5,11.5,0.0,1.9,82.7
263,2015-03-31,10.5,10.5,10.5,0.0,0.0,87.9
263,2015-04-01,13.7,13.7,13.7,0.0,0.3,93.1
263,2015-04-02,9.3,9.3,9.3,0.0,0.8,86.2
264,2015-03-31,8.3,8.3,8.3,0.0,0.0,95.4
264,2015-04-01,12.0,12.0,12.0,0.0,0.0,96.4
264,2015-04-02,9.2,9.2,9.2,0.0,0.3,90.2
266,2015-03-31,13.0,13.0,13.0,0.0,0.4,89.8
266,2015-04-01,15.2,15.2,15.2,0.0,0.0,97.3
266,2015-04-02,9.8,9.8,9.8,0.0,4.9,94.4
268,2015-03-31,9.7,9.7,9.7,0.0,0.0,98.5
268,2015-04-01,14.5,14.5,14.5,0.0,1.5,99.9
268,2015-04-02,12.3,12.3,12.3,0.0,5.2,80.9
271,2015-03-31,5.0,5.0,5.0,0.0,0.8,75.3
271,2015-04-01,10.1,10.1,10.1,0.0,0.2,97.9
271,2015-04-02,1.8,1.8,1.8,0.0,2.0,97.9
272,2015-03-31,15.2,15.2,15.2,0.0,5.0,38.3
272,2015-04-01,11.5,11.5,11.5,0.0,1.1,95.5
272,2015-04-02,7.9,7.9,7.9,0.0,1.1,83.5
273,2015-03-31,14.4,14.4,14.4,0.0,2.5,35.9
273,2015-04-01,11.6,11.6,11.6,0.0,0.7,93.1
273,2015-04-02,7.3,7.3,7.3,0.0,1.5,82.9
276,2015-03-31,9.1,9.1,9.1,0.0,0.8,69.9
276,2015-04-01,12.0,12.0,12.0,0.0,0.0,89.1
276,2015-04-02,7.2,7.2,7.2,0.0,0.0,76.9
277,2015-03-31,16.0,16.0,16.0,0.0,3.3,47.6
277,2015-04-01,14.7,14.7,14.7,0.0,0.7,86.1
277,2015-04-02,8.5,8.5,8.5,0.0,1.8,72.4
278,2015-03-31,7.5,7.5,7.5,0.0,0.6,84.5
278,2015-04-01,12.3,12.3,12.3,0.0,0.0,97.7
278,2015-04-02,8.2,8.2,8.2,0.0,0.3,84.5
279,2015-03-31,12.0,12.0,12.0,0.0,1.3,72.4
279,2015-04-01,13.9,13.9,13.9,0.0,0.3,91.2
279,2015-04-02,9.6,9.6,9.6,0.0,1.1,80.7
281,2015-03-31,14.8,14.8,14.8,0.0,1.7,59.5
281,2015-04-01,14.2,14.2,14.2,0.0,0.6,94.4
281,2015-04-02,9.1,9.1,9.1,0.0,0.5,77.5
283,2015-03-31,10.3,10.3,10.3,0.0,1.7,76.7
283,2015-04-01,14.7,14.7,14.7,0.0,0.6,85.1
283,2015-04-02,8.3,8.3,8.3,0.0,2.4,80.1
284,2015-03-31,9.0,9.0,9.0,0.0,0.3,87.4
284,2015-04-01,11.4,11.4,11.4,0.0,0.0,97.7
284,2015-04-02,7.8,7.8,7.8,0.0,0.6,88.1
285,2015-03-31,10.5,10.5,10.5,0.0,0.6,83.1
285,2015-04-01,12.7,12.7,12.7,0.0,0.0,93.3
285,2015-04-02,8.7,8.7,8.7,0.0,0.4,83.8
288,2015-03-31,9.6,9.6,9.6,0.0,0.1,77.8
288,2015-04-01,14.0,14.0,14.0,0.0,0.0,92.6
288,2015-04-02,10.1,10.1,10.1,0.0,0.5,72.0
289,2015-03-31,10.3,10.3,10.3,0.0,0.4,86.2
289,2015-04-01,12.6,12.6,12.6,0.0,0.6,93.8
289,2015-04-02,9.2,9.2,9.2,0.0,1.1,78.0
294,2015-03-31,14.3,14.3,14.3,0.0,1.5,70.3
294,2015-04-01,13.9,13.9,13.9,0.5,0.5,90.4
294,2015-04-02,10.9,10.9,10.9,0.0,2.5,70.4
295,2015-03-31,11.1,11.1,11.1,0.0,1.0,89.5
295,2015-04-01,13.8,13.8,13.8,0.5,0.4,97.4
295,2015-04-02,9.8,9.8,9.8,0.0,1.8,88.9
300,2015-03-31,10.3,10.3,10.3,0.0,,
300,2015-04-01,13.6,13.6,13.6,0.0,,
300,2015-04-02,10.2,10.2,10.2,0.0,,
301,2015-03-31,10.1,10.1,10.1,0.0,0.4,99.9
301,2015-04-01,13.4,13.4,13.4,0.0,0.0,99.9
301,2015-04-02,11.6,11.6,11.6,0.0,5.3,99.9
302,2015-03-31,11.3,11.3,11.3,0.0,0.7,99.9
302,2015-04-01,13.6,13.6,13.6,0.0,0.0,99.9
302,2015-04-02,11.2,11.2,11.2,0.0,5.0,99.9
303,2015-03-31,12.5,12.5,12.5,0.0,0.8,99.4
303,2015-04-01,14.2,14.2,14.2,0.0,0.9,99.9
303,2015-04-02,10.5,10.5,10.5,0.0,6.2,99.9
304,2015-03-31,11.7,11.7,11.7,0.0,2.1,99.9
304,2015-04-01,14.1,14.1,14.1,0.0,2.0,99.9
304,2015-04-02,11.6,11.6,11.6,0.0,3.7,79.8
305,2015-03-31,15.2,15.2,15.2,0.0,3.3,
305,2015-04-01,13.6,13.6,13.6,0.0,0.5,
305,2015-04-02,11.5,11.5,11.5,0.0,4.5,
306,2015-03-31,12.4,12.4,12.4,0.0,0.1,86.7
306,2015-04-01,13.8,13.8,13.8,0.0,0.8,86.7
306,2015-04-02,11.2,11.2,11.2,0.0,1.8,76.9
308,2015-03-31,10.6,10.6,10.6,0.0,1.5,95.7
308,2015-04-01,12.5,12.5,12.5,0.0,1.4,97.9
308,2015-04-02,11.7,11.7,11.7,0.0,7.6,91.0
310,2015-03-31,17.7,17.7,17.7,0.0,2.2,34.7
310,2015-04-01,13.4,13.4,13.4,0.0,2.8,77.9
310,2015-04-02,6.4,6.4,6.4,0.0,0.0,93.6
311,2015-03-31,7.1,7.1,7.1,0.0,0.9,89.1
311,2015-04-01,10.4,10.4,10.4,0.0,0.0,97.5
311,2015-04-02,5.0,5.0,5.0,0.0,0.3,97.5
312,2015-03-31,9.7,9.7,9.7,0.0,0.3,84.1
312,2015-04-01,12.1,12.1,12.1,0.0,0.3,96.8
312,2015-04-02,7.5,7.5,7.5,0.0,2.0,83.6
313,2015-03-31,13.3,13.3,13.3,0.0,1.5,78.2
313,2015-04-01,13.2,13.2,13.2,0.5,0.9,99.9
313,2015-04-02,10.4,10.4,10.4,0.0,7.3,82.4
314,2015-03-31,3.1,3.1,3.1,0.0,9.2,
314,2015-04-01,10.4,10.4,10.4,0.5,2.5,
314,2015-04-02,7.4,7.4,7.4,0.0,2.7,
315,2015-03-31,7.0,7.0,7.0,0.0,1.9,90.4
315,2015-04-01,12.3,12.3,12.3,0.5,3.2,99.9
315,2015-04-02,4.4,4.4,4.4,0.0,4.5,99.9
316,2015-03-31,8.2,8.2,8.2,0.0,5.6,88.1
316,2015-04-01,13.0,13.0,13.0,0.0,4.9,99.9
316,2015-04-02,6.9,6.9,6.9,0.0,8.3,99.9
317,2015-03-31,9.7,9.7,9.7,0.0,1.0,92.1
317,2015-04-01,14.7,14.7,14.7,0.0,0.9,97.7
317,2015-04-02,11.7,11.7,11.7,0.0,3.7,87.4
318,2015-03-31,10.6,10.6,10.6,0.0,4.0,
318,2015-04-01,8.6,8.6,8.6,1.5,0.1,
318,2015-04-02,0.1,0.1,0.1,0.0,0.3,
319,2015-03-31,17.1,17.1,17.1,0.0,3.7,49.3
319,2015-04-01,14.4,14.4,14.4,0.0,0.8,82.9
319,2015-04-02,5.1,5.1,5.1,0.0,1.9,82.4
320,2015-03-31,5.7,5.7,5.7,0.0,5.7,
320,2015-04-01,6.3,6.3,6.3,0.5,1.0,
320,2015-04-02,-0.8,-0.8,-0.8,0.0,2.4,
321,2015-03-31,13.6,13.6,13.6,0.0,3.0,
321,2015-04-01,10.9,10.9,10.9,0.5,0.3,
321,2015-04-02,1.3,1.3,1.3,0.0,0.6,
322,2015-03-31,3.7,3.7,3.7,0.0,0.7,
322,2015-04-01,9.9,9.9,9.9,0.5,0.5,
322,2015-04-02,1.2,1.2,1.2,0.0,0.3,
323,2015-03-31,3.7,3.7,3.7,0.0,0.6,
323,2015-04-01,10.0,10.0,10.0,0.5,0.6,
323,2015-04-02,6.8,6.8,6.8,0.0,1.9,
324,2015-03-31,9.3,9.3,9.3,0.0,1.0,65.5
324,2015-04-01,11.7,11.7,11.7,0.0,0.1,97.6
324,2015-04-02,9.2,9.2,9.2,0.0,1.9,75.9
325,2015-03-31,7.7,7.7,7.7,0.0,0.4,85.3
325,2015-04-01,11.1,11.1,11.1,0.5,0.1,97.9
325,2015-04-02,7.6,7.6,7.6,0.0,1.4,82.9
326,2015-03-31,8.6,8.6,8.6,0.0,0.2,75.7
326,2015-04-01,11.2,11.2,11.2,0.0,0.1,99.9
326,2015-04-02,5.6,5.6,5.6,0.0,1.1,89.8
327,2015-03-31,10.6,10.6,10.6,0.0,0.1,71.8
327,2015-04-01,12.4,12.4,12.4,0.0,0.2,98.0
327,2015-04-02,10.2,10.2,10.2,0.0,1.3,77.1
328,2015-03-31,15.9,15.9,15.9,0.0,1.3,
328,2015-04-01,15.8,15.8,15.8,0.0,0.4,
328,2015-04-02,13.3,13.3,13.3,0.0,4.5,
329,2015-03-31,11.7,11.7,11.7,0.0,0.4,
329,2015-04-01,13.5,13.5,13.5,0.0,1.3,
329,2015-04-02,11.1,11.1,11.1,0.0,6.8,
330,2015-03-31,14.3,14.3,14.3,0.0,1.2,
330,2015-04-01,15.0,15.0,15.0,0.5,0.2,
330,2015-04-02,12.2,12.2,12.2,0.0,5.2,
351,2015-03-31,8.3,8.3,8.3,0.0,0.3,
351,2015-04-01,10.1,10.1,10.1,0.0,0.1,
351,2015-04-02,5.2,5.2,5.2,0.0,0.9,
352,2015-03-31,9.3,9.3,9.3,0.0,1.0,
352,2015-04-01,12.1,12.1,12.1,0.0,1.4,
352,2015-04-02,8.9,8.9,8.9,0.0,0.7,
353,2015-03-31,9.8,9.8,9.8,0.0,0.0,
353,2015-04-01,11.3,11.3,11.3,0.0,0.0,
353,2015-04-02,8.9,8.9,8.9,0.0,0.0,
354,2015-03-31,,,,0.0,,
354,2015-04-01,,,,0.0,,
354,2015-04-02,,,,0.0,,
355,2015-03-31,9.8,9.8,9.8,0.0,,
355,2015-04-01,12.5,12.5,12.5,0.5,,
355,2015-04-02,10.3,10.3,10.3,0.0,,
356,2015-03-31,9.6,9.6,9.6,0.0,,
356,2015-04-01,12.7,12.7,12.7,0.5,,
356,2015-04-02,11.1,11.1,11.1,0.0,,
357,2015-03-31,,,,0.0,,
357,2015-04-01,,,,0.0,,
357,2015-04-02,,,,0.0,,
358,2015-03-31,9.4,9.4,9.4,0.0,,
358,2015-04-01,12.4,12.4,12.4,0.0,,
358,2015-04-02,10.4,10.4,10.4,0.0,,
359,2015-03-31,10.6,10.6,10.6,0.0,,
359,2015-04-01,12.2,12.2,12.2,0.5,,
359,2015-04-02,9.1,9.1,9.1,0.0,,
360,2015-03-31,7.8,7.8,7.8,0.0,,
360,2015-04-01,11.6,11.6,11.6,0.0,,
360,2015-04-02,8.4,8.4,8.4,0.0,,
361,2015-03-31,6.9,6.9,6.9,0.0,,
361,2015-04-01,11.6,11.6,11.6,0.5,,
361,2015-04-02,7.3,7.3,7.3,0.0,,
364,2015-03-31,13.0,13.0,13.0,0.0,0.5,
364,2015-04-01,12.4,12.4,12.4,0.0,0.0,
364,2015-04-02,11.0,11.0,11.0,0.0,1.3,
365,2015-03-31,9.3,9.3,9.3,0.0,0.0,
365,2015-04-01,12.0,12.0,12.0,0.0,0.0,
365,2015-04-02,11.1,11.1,11.1,0.0,1.2,
366,2015-03-31,11.9,11.9,11.9,0.0,0.0,
366,2015-04-01,13.1,13.1,13.1,0.0,0.0,
366,2015-04-02,11.2,11.2,11.2,0.0,0.0,
367,2015-03-31,7.9,7.9,7.9,0.0,0.7,
367,2015-04-01,12.3,12.3,12.3,0.0,1.3,
367,2015-04-02,10.9,10.9,10.9,0.0,1.9,
368,2015-03-31,13.7,13.7,13.7,0.0,0.6,
368,2015-04-01,12.2,12.2,12.2,0.0,0.4,
368,2015-04-02,9.6,9.6,9.6,0.0,2.5,
369,2015-03-31,11.8,11.8,11.8,0.0,1.2,
369,2015-04-01,13.1,13.1,13.1,0.0,0.2,
369,2015-04-02,10.5,10.5,10.5,0.0,0.2,
370,2015-03-31,10.8,10.8,10.8,0.0,,
370,2015-04-01,11.5,11.5,11.5,0.5,,
370,2015-04-02,8.6,8.6,8.6,0.0,,
371,2015-03-31,11.1,11.1,11.1,0.0,,
371,2015-04-01,12.3,12.3,12.3,0.5,,
371,2015-04-02,10.5,10.5,10.5,0.0,,
372,2015-03-31,8.9,8.9,8.9,0.0,,
372,2015-04-01,11.9,11.9,11.9,0.0,,
372,2015-04-02,7.6,7.6,7.6,0.0,,
373,2015-03-31,8.4,8.4,8.4,0.0,,
373,2015-04-01,12.1,12.1,12.1,0.0,,
373,2015-04-02,6.9,6.9,6.9,0.0,,
374,2015-03-31,9.7,9.7,9.7,0.0,,
374,2015-04-01,12.8,12.8,12.8,0.5,,
374,2015-04-02,10.0,10.0,10.0,0.0,,
375,2015-03-31,9.5,9.5,9.5,0.0,,
375,2015-04-01,11.9,11.9,11.9,0.0,,
375,2015-04-02,9.1,9.1,9.1,0.0,,
400,2015-03-31,13.6,13.6,13.6,0.0,0.7,59.9
400,2015-04-01,12.7,12.7,12.7,0.0,1.1,96.7
400,2015-04-02,10.9,10.9,10.9,0.0,2.1,60.9
401,2015-03-31,13.3,13.3,13.3,0.0,0.4,
401,2015-04-01,13.0,13.0,13.0,0.0,0.8,
401,2015-04-02,11.7,11.7,11.7,0.0,0.9,
402,2015-03-31,13.4,13.4,13.4,0.0,0.2,68.9
402,2015-04-01,12.2,12.2,12.2,0.0,1.5,94.9
402,2015-04-02,9.7,9.7,9.7,0.0,1.4,67.4
403,2015-03-31,13.6,13.6,13.6,0.0,0.6,
403,2015-04-01,12.8,12.8,12.8,0.0,1.0,
403,2015-04-02,11.5,11.5,11.5,0.0,1.2,
404,2015-03-31,12.1,12.1,12.1,0.0,1.3,
404,2015-04-01,12.8,12.8,12.8,0.0,1.1,
404,2015-04-02,11.3,11.3,11.3,0.0,4.4,
405,2015-03-31,12.3,12.3,12.3,0.0,1.2,
405,2015-04-01,13.1,13.1,13.1,0.0,0.7,
405,2015-04-02,11.6,11.6,11.6,0.0,1.8,
406,2015-03-31,12.0,12.0,12.0,0.0,0.4,72.3
406,2015-04-01,11.8,11.8,11.8,0.0,0.1,99.9
406,2015-04-02,9.0,9.0,9.0,0.0,0.6,72.5
407,2015-03-31,11.8,11.8,11.8,0.0,0.5,74.5
407,2015-04-01,11.7,11.7,11.7,0.0,0.3,99.9
407,2015-04-02,9.2,9.2,9.2,0.0,2.5,72.5
408,2015-03-31,13.2,13.2,13.2,0.0,2.1,66.4
408,2015-04-01,12.4,12.4,12.4,0.0,0.6,99.9
408,2015-04-02,10.2,10.2,10.2,0.0,2.2,67.9
409,2015-03-31,13.8,13.8,13.8,0.0,1.7,64.7
409,2015-04-01,12.7,12.7,12.7,0.0,1.0,98.7
409,2015-04-02,10.2,10.2,10.2,0.0,2.6,67.3
410,2015-03-31,12.2,12.2,12.2,0.0,1.5,63.9
410,2015-04-01,12.9,12.9,12.9,0.0,1.5,93.6
410,2015-04-02,11.2,11.2,11.2,0.0,1.9,55.3
411,2015-03-31,11.8,11.8,11.8,0.0,1.3,70.6
411,2015-04-01,12.5,12.5,12.5,0.0,1.5,91.9
411,2015-04-02,10.5,10.5,10.5,0.0,4.2,62.5
412,2015-03-31,10.9,10.9,10.9,0.0,0.3,
412,2015-04-01,11.9,11.9,11.9,0.0,1.4,
412,2015-04-02,9.7,9.7,9.7,0.0,2.3,
413,2015-03-31,14.0,14.0,14.0,0.0,0.5,65.3
413,2015-04-01,13.0,13.0,13.0,0.0,1.2,99.2
413,2015-04-02,10.7,10.7,10.7,0.0,1.6,68.7
414,2015-03-31,12.6,12.6,12.6,0.0,0.6,75.8
414,2015-04-01,12.2,12.2,12.2,0.0,0.6,99.9
414,2015-04-02,10.1,10.1,10.1,0.0,2.1,70.1
415,2015-03-31,13.0,13.0,13.0,0.0,2.3,
415,2015-04-01,12.7,12.7,12.7,0.0,1.4,
415,2015-04-02,10.8,10.8,10.8,0.0,3.0,
416,2015-03-31,9.3,9.3,9.3,0.0,0.2,
416,2015-04-01,11.8,11.8,11.8,0.0,0.5,
416,2015-04-02,10.9,10.9,10.9,0.0,2.2,
417,2015-03-31,11.8,11.8,11.8,0.0,2.0,
417,2015-04-01,12.8,12.8,12.8,0.0,2.6,
417,2015-04-02,10.5,10.5,10.5,0.0,1.9,
418,2015-03-31,13.0,13.0,13.0,0.0,1.6,65.3
418,2015-04-01,13.0,13.0,13.0,0.0,1.3,95.2
418,2015-04-02,11.5,11.5,11.5,0.0,4.0,59.5
419,2015-03-31,11.2,11.2,11.2,0.0,0.9,
419,2015-04-01,11.3,11.3,11.3,0.0,3.0,
419,2015-04-02,8.6,8.6,8.6,0.0,2.8,
421,2015-03-31,13.5,13.5,13.5,0.0,1.0,67.7
421,2015-04-01,13.0,13.0,13.0,0.0,1.7,98.8
421,2015-04-02,10.8,10.8,10.8,0.0,2.7,67.2
422,2015-03-31,9.9,9.9,9.9,0.0,1.6,84.4
422,2015-04-01,10.5,10.5,10.5,0.0,3.1,99.9
422,2015-04-02,7.6,7.6,7.6,0.0,4.8,77.8
423,2015-03-31,10.2,10.2,10.2,0.0,0.9,79.3
423,2015-04-01,12.8,12.8,12.8,0.0,2.2,94.9
423,2015-04-02,11.7,11.7,11.7,0.0,4.8,60.0
424,2015-03-31,13.5,13.5,13.5,0.0,2.0,69.6
424,2015-04-01,12.8,12.8,12.8,0.0,1.0,98.9
424,2015-04-02,10.6,10.6,10.6,0.0,1.2,65.3
425,2015-03-31,10.3,10.3,10.3,0.0,0.4,79.7
425,2015-04-01,12.1,12.1,12.1,0.0,0.0,99.9
425,2015-04-02,10.6,10.6,10.6,0.0,2.1,67.9
430,2015-03-31,11.1,11.1,11.1,0.0,0.0,
430,2015-04-01,12.5,12.5,12.5,0.0,0.1,
430,2015-04-02,10.8,10.8,10.8,0.0,1.2,
431,2015-03-31,9.6,9.6,9.6,0.0,,
431,2015-04-01,11.3,11.3,11.3,0.0,,
431,2015-04-02,8.5,8.5,8.5,0.0,,
432,2015-03-31,12.7,12.7,12.7,0.0,,
432,2015-04-01,13.0,13.0,13.0,0.0,,
432,2015-04-02,11.3,11.3,11.3,0.0,,
433,2015-03-31,11.4,11.4,11.4,0.0,,
433,2015-04-01,12.6,12.6,12.6,0.0,,
433,2015-04-02,11.9,11.9,11.9,0.0,,
434,2015-03-31,12.4,12.4,12.4,0.0,,
434,2015-04-01,12.3,12.3,12.3,0.0,,
434,2015-04-02,11.5,11.5,11.5,0.0,,
435,2015-03-31,10.4,10.4,10.4,0.0,,
435,2015-04-01,13.3,13.3,13.3,0.5,,
435,2015-04-02,12.0,12.0,12.0,0.0,,
436,2015-03-31,7.7,7.7,7.7,0.0,,
436,2015-04-01,10.0,10.0,10.0,0.0,,
436,2015-04-02,8.2,8.2,8.2,0.0,,
437,2015-03-31,11.5,11.5,11.5,0.0,,
437,2015-04-01,12.6,12.6,12.6,0.0,,
437,2015-04-02,11.5,11.5,11.5,0.0,,
438,2015-03-31,11.6,11.6,11.6,0.0,,
438,2015-04-01,12.5,12.5,12.5,0.0,,
438,2015-04-02,11.5,11.5,11.5,0.0,,
439,2015-03-31,12.7,12.7,12.7,0.0,,
439,2015-04-01,14.7,14.7,14.7,0.0,,
439,2015-04-02,15.6,15.6,15.6,0.0,,
440,2015-03-31,12.2,12.2,12.2,0.0,,
440,2015-04-01,12.4,12.4,12.4,0.5,,
440,2015-04-02,10.4,10.4,10.4,0.0,,
441,2015-03-31,8.8,8.8,8.8,0.0,,
441,2015-04-01,11.1,11.1,11.1,0.0,,
441,2015-04-02,10.2,10.2,10.2,0.0,,
442,2015-03-31,11.2,11.2,11.2,0.0,0.4,
442,2015-04-01,11.7,11.7,11.7,0.0,0.0,
442,2015-04-02,8.3,8.3,8.3,0.0,1.0,
443,2015-03-31,7.3,7.3,7.3,0.0,,
443,2015-04-01,10.8,10.8,10.8,1.0,,
443,2015-04-02,9.3,9.3,9.3,0.0,,
444,2015-03-31,12.0,12.0,12.0,0.0,,
444,2015-04-01,13.7,13.7,13.7,0.0,,
444,2015-04-02,12.1,12.1,12.1,0.0,,
445,2015-03-31,9.7,9.7,9.7,0.0,,
445,2015-04-01,12.4,12.4,12.4,0.5,,
445,2015-04-02,11.0,11.0,11.0,0.0,,
446,2015-03-31,9.8,9.8,9.8,0.0,,
446,2015-04-01,13.0,13.0,13.0,0.5,,
446,2015-04-02,11.2,11.2,11.2,0.0,,
447,2015-03-31,7.9,7.9,7.9,0.0,,
447,2015-04-01,12.1,12.1,12.1,0.0,,
447,2015-04-02,7.0,7.0,7.0,0.0,,
448,2015-03-31,10.1,10.1,10.1,0.0,,
448,2015-04-01,12.2,12.2,12.2,0.5,,
448,2015-04-02,7.3,7.3,7.3,0.0,,
449,2015-03-31,10.0,10.0,10.0,0.0,,
449,2015-04-01,12.1,12.1,12.1,0.0,,
449,2015-04-02,9.2,9.2,9.2,0.0,,
450,2015-03-31,10.1,10.1,10.1,0.0,,
450,2015-04-01,11.5,11.5,11.5,0.0,,
450,2015-04-02,10.7,10.7,10.7,0.0,,
451,2015-03-31,9.7,9.7,9.7,0.0,,
451,2015-04-01,11.8,11.8,11.8,0.0,,
451,2015-04-02,9.6,9.6,9.6,0.0,,
452,2015-03-31,6.5,6.5,6.5,0.0,,
452,2015-04-01,11.1,11.1,11.1,0.0,,
452,2015-04-02,5.6,5.6,5.6,0.0,,
453,2015-03-31,10.2,10.2,10.2,0.0,,
453,2015-04-01,13.2,13.2,13.2,0.0,,
453,2015-04-02,12.1,12.1,12.1,0.0,,
454,2015-03-31,9.9,9.9,9.9,0.0,,
454,2015-04-01,12.4,12.4,12.4,0.0,,
454,2015-04-02,8.9,8.9,8.9,0.0,,
455,2015-03-31,9.1,9.1,9.1,0.0,,
455,2015-04-01,11.6,11.6,11.6,0.5,,
455,2015-04-02,5.7,5.7,5.7,0.0,,
456,2015-03-31,6.7,6.7,6.7,0.0,,
456,2015-04-01,10.4,10.4,10.4,0.5,,
456,2015-04-02,5.8,5.8,5.8,0.0,,
457,2015-03-31,9.8,9.8,9.8,0.0,,
457,2015-04-01,12.0,12.0,12.0,0.5,,
457,2015-04-02,10.3,10.3,10.3,0.0,,
458,2015-03-31,9.8,9.8,9.8,0.0,,
458,2015-04-01,11.6,11.6,11.6,0.0,,
458,2015-04-02,8.3,8.3,8.3,0.0,,
459,2015-03-31,8.3,8.3,8.3,0.0,,
459,2015-04-01,11.6,11.6,11.6,0.0,,
459,2015-04-02,9.1,9.1,9.1,0.0,,
460,2015-03-31,4.2,4.2,4.2,0.0,,
460,2015-04-01,7.9,7.9,7.9,0.0,,
460,2015-04-02,4.6,4.6,4.6,0.0,,
461,2015-03-31,7.4,7.4,7.4,0.0,,
461,2015-04-01,10.9,10.9,10.9,0.5,,
461,2015-04-02,8.2,8.2,8.2,0.0,,
462,2015-03-31,10.2,10.2,10.2,0.0,,
462,2015-04-01,11.1,11.1,11.1,0.5,,
462,2015-04-02,8.5,8.5,8.5,0.0,,
463,2015-03-31,9.6,9.6,9.6,0.0,0.4,
463,2015-04-01,11.2,11.2,11.2,0.0,0.6,
463,2015-04-02,7.7,7.7,7.7,0.0,0.9,
464,2015-03-31,5.3,5.3,5.3,0.0,,
464,2015-04-01,8.1,8.1,8.1,0.5,,
464,2015-04-02,5.0,5.0,5.0,0.0,,
465,2015-03-31,8.2,8.2,8.2,0.0,,
465,2015-04-01,11.1,11.1,11.1,0.5,,
465,2015-04-02,8.8,8.8,8.8,0.0,,
466,2015-03-31,10.3,10.3,10.3,0.0,,
466,2015-04-01,11.9,11.9,11.9,0.5,,
466,2015-04-02,7.7,7.7,7.7,0.0,,
467,2015-03-31,8.9,8.9,8.9,0.0,,
467,2015-04-01,12.1,12.1,12.1,1.0,,
467,2015-04-02,9.4,9.4,9.4,0.0,,
468,2015-03-31,8.8,8.8,8.8,0.0,,
468,2015-04-01,12.4,12.4,12.4,0.5,,
468,2015-04-02,11.2,11.2,11.2,0.0,,
469,2015-03-31,6.6,6.6,6.6,0.0,,
469,2015-04-01,11.4,11.4,11.4,1.0,,
469,2015-04-02,9.2,9.2,9.2,0.0,,
470,2015-03-31,8.8,8.8,8.8,0.0,,
470,2015-04-01,12.2,12.2,12.2,1.0,,
470,2015-04-02,10.4,10.4,10.4,0.0,,
471,2015-03-31,11.7,11.7,11.7,0.0,,
471,2015-04-01,12.2,12.2,12.2,0.5,,
471,2015-04-02,10.4,10.4,10.4,0.0,,
472,2015-03-31,8.8,8.8,8.8,0.0,,
472,2015-04-01,12.1,12.1,12.1,0.5,,
472,2015-04-02,10.3,10.3,10.3,0.0,,
473,2015-03-31,9.2,9.2,9.2,0.0,,
473,2015-04-01,11.6,11.6,11.6,0.0,,
473,2015-04-02,8.4,8.4,8.4,0.0,,
474,2015-03-31,8.3,8.3,8.3,0.0,,
474,2015-04-01,10.8,10.8,10.8,0.5,,
474,2015-04-02,4.9,4.9,4.9,0.0,,
475,2015-03-31,10.2,10.2,10.2,0.0,,
475,2015-04-01,10.7,10.7,10.7,0.5,,
475,2015-04-02,5.9,5.9,5.9,0.0,,
476,2015-03-31,5.7,5.7,5.7,0.0,,
476,2015-04-01,10.6,10.6,10.6,0.0,,
476,2015-04-02,4.4,4.4,4.4,0.0,,
477,2015-03-31,9.0,9.0,9.0,0.0,,
477,2015-04-01,11.5,11.5,11.5,0.0,,
477,2015-04-02,7.3,7.3,7.3,0.0,,
478,2015-03-31,6.1,6.1,6.1,0.0,,
478,2015-04-01,10.1,10.1,10.1,0.5,,
478,2015-04-02,5.9,5.9,5.9,0.0,,
479,2015-03-31,8.0,8.0,8.0,0.0,,
479,2015-04-01,11.2,11.2,11.2,0.0,,
479,2015-04-02,7.4,7.4,7.4,0.0,,
480,2015-03-31,4.9,4.9,4.9,0.0,,
480,2015-04-01,10.1,10.1,10.1,0.0,,
480,2015-04-02,4.4,4.4,4.4,0.0,,
481,2015-03-31,7.7,7.7,7.7,0.0,,
481,2015-04-01,11.0,11.0,11.0,0.0,,
481,2015-04-02,7.2,7.2,7.2,0.0,,
482,2015-03-31,7.3,7.3,7.3,0.0,,
482,2015-04-01,10.0,10.0,10.0,0.0,,
482,2015-04-02,7.2,7.2,7.2,0.0,,
483,2015-03-31,6.3,6.3,6.3,0.0,,
483,2015-04-01,11.1,11.1,11.1,0.5,,
483,2015-04-02,6.7,6.7,6.7,0.0,,
484,2015-03-31,11.7,11.7,11.7,0.0,,
484,2015-04-01,11.3,11.3,11.3,0.0,,
484,2015-04-02,6.7,6.7,6.7,0.0,,
485,2015-03-31,6.9,6.9,6.9,0.0,,
485,2015-04-01,11.1,11.1,11.1,0.5,,
485,2015-04-02,4.3,4.3,4.3,0.0,,
486,2015-03-31,8.9,8.9,8.9,0.0,,
486,2015-04-01,12.0,12.0,12.0,0.0,,
486,2015-04-02,7.4,7.4,7.4,0.0,,
487,2015-03-31,8.8,8.8,8.8,0.0,,
487,2015-04-01,11.2,11.2,11.2,0.0,,
487,2015-04-02,9.2,9.2,9.2,0.0,,
488,2015-03-31,8.6,8.6,8.6,0.0,,
488,2015-04-01,11.7,11.7,11.7,0.0,,
488,2015-04-02,10.2,10.2,10.2,0.0,,
489,2015-03-31,7.7,7.7,7.7,0.0,,
489,2015-04-01,11.7,11.7,11.7,0.5,,
489,2015-04-02,10.0,10.0,10.0,0.0,,
490,2015-03-31,9.1,9.1,9.1,0.0,,
490,2015-04-01,12.2,12.2,12.2,0.0,,
490,2015-04-02,8.4,8.4,8.4,0.0,,
491,2015-03-31,8.8,8.8,8.8,0.0,,
491,2015-04-01,12.0,12.0,12.0,0.0,,
491,2015-04-02,8.3,8.3,8.3,0.0,,
492,2015-03-31,,,,0.0,,
492,2015-04-01,,,,0.0,,
492,2015-04-02,,,,0.0,,
495,2015-03-31,8.8,8.8,8.8,0.0,,88.4
495,2015-04-01,12.4,12.4,12.4,1.0,0.0,99.9
495,2015-04-02,10.8,10.8,10.8,0.0,3.5,74.0
496,2015-03-31,9.5,9.5,9.5,0.0,0.3,85.0
496,2015-04-01,12.6,12.6,12.6,0.0,0.2,99.9
496,2015-04-02,10.5,10.5,10.5,0.0,1.4,79.7
497,2015-03-31,3.9,3.9,3.9,0.0,0.2,
497,2015-04-01,10.0,10.0,10.0,1.5,0.5,
497,2015-04-02,-1.0,-1.0,-1.0,0.0,0.2,
498,2015-03-31,7.5,7.5,7.5,0.0,7.1,58.3
498,2015-04-01,8.0,8.0,8.0,1.5,1.1,99.9
498,2015-04-02,2.8,2.8,2.8,0.0,3.1,85.1
499,2015-03-31,4.9,4.9,4.9,0.0,0.2,
499,2015-04-01,10.7,10.7,10.7,0.5,0.0,
499,2015-04-02,6.5,6.5,6.5,0.0,0.2,
500,2015-03-31,7.3,7.3,7.3,0.0,0.9,
500,2015-04-01,11.9,11.9,11.9,0.0,0.8,
500,2015-04-02,9.2,9.2,9.2,0.0,3.2,
501,2015-03-31,5.8,5.8,5.8,0.0,1.3,
501,2015-04-01,10.9,10.9,10.9,0.0,1.6,
501,2015-04-02,9.5,9.5,9.5,0.0,2.1,
502,2015-03-31,8.4,8.4,8.4,0.0,1.7,
502,2015-04-01,10.9,10.9,10.9,0.5,1.7,
502,2015-04-02,9.7,9.7,9.7,0.0,3.3,
503,2015-03-31,6.0,6.0,6.0,0.0,0.3,91.8
503,2015-04-01,10.9,10.9,10.9,0.5,0.3,97.0
503,2015-04-02,8.3,8.3,8.3,0.0,1.1,73.3
504,2015-03-31,6.6,6.6,6.6,0.0,0.6,61.8
504,2015-04-01,11.3,11.3,11.3,0.0,0.3,86.4
504,2015-04-02,8.8,8.8,8.8,0.0,2.5,57.1
505,2015-03-31,6.2,6.2,6.2,0.0,1.0,
505,2015-04-01,10.5,10.5,10.5,0.0,1.0,
505,2015-04-02,4.6,4.6,4.6,0.0,0.4,
506,2015-03-31,9.3,9.3,9.3,0.0,1.0,
506,2015-04-01,12.1,12.1,12.1,0.0,0.7,
506,2015-04-02,8.8,8.8,8.8,0.0,0.3,
507,2015-03-31,6.9,6.9,6.9,0.0,0.6,
507,2015-04-01,11.5,11.5,11.5,0.0,0.2,
507,2015-04-02,7.7,7.7,7.7,0.0,2.0,
508,2015-03-31,6.7,6.7,6.7,0.0,2.1,91.8
508,2015-04-01,11.3,11.3,11.3,0.5,3.7,93.7
508,2015-04-02,10.7,10.7,10.7,0.0,4.5,61.0
509,2015-03-31,11.9,11.9,11.9,0.0,2.7,
509,2015-04-01,12.1,12.1,12.1,0.0,0.0,
509,2015-04-02,10.8,10.8,10.8,0.0,1.2,
510,2015-03-31,12.7,12.7,12.7,0.0,1.0,
510,2015-04-01,13.2,13.2,13.2,0.0,1.4,
510,2015-04-02,11.6,11.6,11.6,0.0,2.0,
511,2015-03-31,8.9,8.9,8.9,0.0,0.0,
511,2015-04-01,12.1,12.1,12.1,0.0,1.0,
511,2015-04-02,11.4,11.4,11.4,0.0,1.9,
512,2015-03-31,8.5,8.5,8.5,0.0,0.1,
512,2015-04-01,12.8,12.8,12.8,0.0,0.2,
512,2015-04-02,11.9,11.9,11.9,0.0,2.1,
513,2015-03-31,4.6,4.6,4.6,0.0,0.0,
513,2015-04-01,11.1,11.1,11.1,0.0,2.2,
513,2015-04-02,10.4,10.4,10.4,0.0,3.9,
514,2015-03-31,7.1,7.1,7.1,0.0,0.0,94.9
514,2015-04-01,12.5,12.5,12.5,0.0,1.1,94.9
514,2015-04-02,11.2,11.2,11.2,0.0,5.1,74.6
515,2015-03-31,9.3,9.3,9.3,0.0,0.1,94.7
515,2015-04-01,12.7,12.7,12.7,0.0,0.9,99.9
515,2015-04-02,10.6,10.6,10.6,0.0,2.6,72.8
516,2015-03-31,8.8,8.8,8.8,0.0,0.4,80.4
516,2015-04-01,12.6,12.6,12.6,0.5,0.8,91.4
516,2015-04-02,11.0,11.0,11.0,0.0,3.9,68.7
517,2015-03-31,9.1,9.1,9.1,0.0,0.9,52.9
517,2015-04-01,8.6,8.6,8.6,0.5,1.7,93.5
517,2015-04-02,6.2,6.2,6.2,0.0,1.8,89.4
518,2015-03-31,11.6,11.6,11.6,0.0,1.1,43.4
518,2015-04-01,9.5,9.5,9.5,0.0,0.1,99.9
518,2015-04-02,-0.7,-0.7,-0.7,0.0,0.7,99.9
519,2015-03-31,4.2,4.2,4.2,0.0,0.8,71.2
519,2015-04-01,10.1,10.1,10.1,0.5,0.1,98.8
519,2015-04-02,1.4,1.4,1.4,0.0,0.6,98.7
520,2015-03-31,11.8,11.8,11.8,0.0,1.2,50.5
520,2015-04-01,9.3,9.3,9.3,1.0,1.5,97.6
520,2015-04-02,4.2,4.2,4.2,0.0,0.3,96.7
521,2015-03-31,17.3,17.3,17.3,0.0,3.5,27.8
521,2015-04-01,8.7,8.7,8.7,1.5,5.2,95.6
521,2015-04-02,3.3,3.3,3.3,0.0,1.2,99.9
522,2015-03-31,6.9,6.9,6.9,0.0,0.4,
522,2015-04-01,11.5,11.5,11.5,1.0,0.2,
522,2015-04-02,3.9,3.9,3.9,0.0,3.6,
523,2015-03-31,7.9,7.9,7.9,0.0,1.3,77.2
523,2015-04-01,10.0,10.0,10.0,3.5,4.6,99.9
523,2015-04-02,2.0,2.0,2.0,0.0,1.0,99.9
524,2015-03-31,17.4,17.4,17.4,0.0,4.8,39.1
524,2015-04-01,10.8,10.8,10.8,2.5,3.8,99.9
524,2015-04-02,3.4,3.4,3.4,0.0,0.1,99.9
525,2015-03-31,6.3,6.3,6.3,0.0,0.6,72.6
525,2015-04-01,9.9,9.9,9.9,2.0,0.0,99.9
525,2015-04-02,0.0,0.0,0.0,0.0,0.2,99.2
526,2015-03-31,6.6,6.6,6.6,0.0,0.2,69.8
526,2015-04-01,10.8,10.8,10.8,0.5,0.5,99.9
526,2015-04-02,2.5,2.5,2.5,0.0,0.0,98.9
527,2015-03-31,10.0,10.0,10.0,0.0,0.0,66.0
527,2015-04-01,10.9,10.9,10.9,0.0,0.0,99.5
527,2015-04-02,2.3,2.3,2.3,0.0,1.2,97.9
528,2015-03-31,4.8,4.8,4.8,0.0,4.8,
528,2015-04-01,8.3,8.3,8.3,0.0,4.6,
528,2015-04-02,10.1,10.1,10.1,0.0,3.6,
529,2015-03-31,9.4,9.4,9.4,0.0,0.9,70.9
529,2015-04-01,15.6,15.6,15.6,0.0,2.6,72.6
529,2015-04-02,6.6,6.6,6.6,0.0,0.0,93.7
530,2015-03-31,13.9,13.9,13.9,0.0,2.0,
530,2015-04-01,12.4,12.4,12.4,0.0,1.1,
530,2015-04-02,3.6,3.6,3.6,0.0,0.1,
531,2015-03-31,4.8,4.8,4.8,0.0,1.7,69.2
531,2015-04-01,11.1,11.1,11.1,0.0,0.4,92.9
531,2015-04-02,3.6,3.6,3.6,0.0,1.2,92.9
532,2015-03-31,9.5,9.5,9.5,0.0,,66.5
532,2015-04-01,11.7,11.7,11.7,0.0,0.0,97.9
532,2015-04-02,8.9,8.9,8.9,0.0,1.5,71.7
533,2015-03-31,10.3,10.3,10.3,0.0,0.6,
533,2015-04-01,11.7,11.7,11.7,0.5,0.0,
533,2015-04-02,8.7,8.7,8.7,0.0,1.5,
534,2015-03-31,9.4,9.4,9.4,0.0,0.8,78.2
534,2015-04-01,12.0,12.0,12.0,0.5,0.2,94.9
534,2015-04-02,9.6,9.6,9.6,0.0,2.2,79.0
535,2015-03-31,3.6,3.6,3.6,0.0,0.8,83.6
535,2015-04-01,10.6,10.6,10.6,1.0,0.2,98.9
535,2015-04-02,0.4,0.4,0.4,0.0,0.4,98.9
536,2015-03-31,8.3,8.3,8.3,0.0,1.2,74.5
536,2015-04-01,11.8,11.8,11.8,0.0,0.0,99.9
536,2015-04-02,7.0,7.0,7.0,0.0,4.2,75.8
537,2015-03-31,13.9,13.9,13.9,0.0,4.9,41.9
537,2015-04-01,10.6,10.6,10.6,1.0,0.5,99.8
537,2015-04-02,1.1,1.1,1.1,0.0,1.2,99.8
538,2015-03-31,4.2,4.2,4.2,0.0,0.2,82.0
538,2015-04-01,11.4,11.4,11.4,1.0,1.1,93.7
538,2015-04-02,6.9,6.9,6.9,0.0,2.4,79.5
539,2015-03-31,5.2,5.2,5.2,0.0,2.6,
539,2015-04-01,10.1,10.1,10.1,0.0,0.2,
539,2015-04-02,5.6,5.6,5.6,0.0,1.1,
540,2015-03-31,8.9,8.9,8.9,0.0,0.6,74.1
540,2015-04-01,11.6,11.6,11.6,0.0,0.3,99.9
540,2015-04-02,10.0,10.0,10.0,0.0,2.0,62.1
541,2015-03-31,9.3,9.3,9.3,0.0,0.1,64.6
541,2015-04-01,12.2,12.2,12.2,0.0,0.6,91.6
541,2015-04-02,9.6,9.6,9.6,0.0,2.0,65.0
542,2015-03-31,8.8,8.8,8.8,0.0,0.0,64.8
542,2015-04-01,11.3,11.3,11.3,0.0,0.8,92.9
542,2015-04-02,7.3,7.3,7.3,0.0,2.0,75.1
543,2015-03-31,8.6,8.6,8.6,0.0,0.2,92.9
543,2015-04-01,12.2,12.2,12.2,0.0,1.8,92.9
543,2015-04-02,11.8,11.8,11.8,0.0,1.3,70.9
544,2015-03-31,7.7,7.7,7.7,0.0,0.4,95.9
544,2015-04-01,12.4,12.4,12.4,0.0,1.3,95.9
544,2015-04-02,10.7,10.7,10.7,0.0,5.0,92.6
545,2015-03-31,6.0,6.0,6.0,0.0,0.4,99.9
545,2015-04-01,12.0,12.0,12.0,0.0,0.7,99.9
545,2015-04-02,10.9,10.9,10.9,0.0,1.7,74.3
546,2015-03-31,11.1,11.1,11.1,0.0,0.3,58.4
546,2015-04-01,11.4,11.4,11.4,0.5,1.7,92.5
546,2015-04-02,8.8,8.8,8.8,0.0,2.1,62.9
547,2015-03-31,6.5,6.5,6.5,0.0,1.5,83.2
547,2015-04-01,11.1,11.1,11.1,0.0,0.0,96.9
547,2015-04-02,3.7,3.7,3.7,0.0,0.0,96.9
548,2015-03-31,12.4,12.4,12.4,0.0,0.9,60.9
548,2015-04-01,11.6,11.6,11.6,0.0,0.1,94.9
548,2015-04-02,8.3,8.3,8.3,0.0,0.2,79.5
549,2015-03-31,8.6,8.6,8.6,0.0,0.5,88.3
549,2015-04-01,11.8,11.8,11.8,0.2,0.0,99.6
549,2015-04-02,9.8,9.8,9.8,0.0,0.9,77.1
550,2015-03-31,9.7,9.7,9.7,0.0,0.2,66.8
550,2015-04-01,12.1,12.1,12.1,0.0,0.0,88.3
550,2015-04-02,9.5,9.5,9.5,0.0,1.1,66.0
551,2015-03-31,10.1,10.1,10.1,0.0,0.9,79.5
551,2015-04-01,12.6,12.6,12.6,1.0,1.5,99.9
551,2015-04-02,10.8,10.8,10.8,0.0,3.9,72.4
552,2015-03-31,2.7,2.7,2.7,0.0,0.6,80.9
552,2015-04-01,9.5,9.5,9.5,0.5,0.3,98.9
552,2015-04-02,4.3,4.3,4.3,0.0,0.4,89.8
553,2015-03-31,16.8,16.8,16.8,0.0,2.2,24.7
553,2015-04-01,7.2,7.2,7.2,0.5,4.7,94.5
553,2015-04-02,5.6,5.6,5.6,0.0,2.4,90.0
554,2015-03-31,9.7,9.7,9.7,0.0,13.7,
554,2015-04-01,5.9,5.9,5.9,1.0,2.7,
554,2015-04-02,0.0,0.0,0.0,0.0,4.0,
555,2015-03-31,6.3,6.3,6.3,0.0,0.2,66.3
555,2015-04-01,11.3,11.3,11.3,0.5,0.3,98.9
555,2015-04-02,3.9,3.9,3.9,0.0,0.7,94.4
556,2015-03-31,6.3,6.3,6.3,0.0,0.5,70.6
556,2015-04-01,11.3,11.3,11.3,0.5,0.3,98.9
556,2015-04-02,1.8,1.8,1.8,0.0,0.7,98.9
557,2015-03-31,10.8,10.8,10.8,0.0,0.5,51.9
557,2015-04-01,10.9,10.9,10.9,1.0,0.5,99.9
557,2015-04-02,0.3,0.3,0.3,0.0,0.4,99.9
558,2015-03-31,4.3,4.3,4.3,0.0,0.4,86.5
558,2015-04-01,11.3,11.3,11.3,0.5,0.3,98.9
558,2015-04-02,3.1,3.1,3.1,0.0,0.3,98.9
559,2015-03-31,3.7,3.7,3.7,0.0,0.7,77.8
559,2015-04-01,9.0,9.0,9.0,1.0,0.1,99.9
559,2015-04-02,-0.5,-0.5,-0.5,0.0,0.5,99.9
560,2015-03-31,11.9,11.9,11.9,0.0,5.0,51.6
560,2015-04-01,9.7,9.7,9.7,1.5,0.5,98.7
560,2015-04-02,-0.4,-0.4,-0.4,0.0,0.5,98.8
561,2015-03-31,4.7,4.7,4.7,0.0,0.5,90.0
561,2015-04-01,11.1,11.1,11.1,1.0,0.1,98.6
561,2015-04-02,3.2,3.2,3.2,0.0,3.2,98.7
562,2015-03-31,8.0,8.0,8.0,0.0,2.2,77.0
562,2015-04-01,10.7,10.7,10.7,0.5,1.3,99.5
562,2015-04-02,4.0,4.0,4.0,0.0,0.4,97.7
563,2015-03-31,14.9,14.9,14.9,0.0,6.8,
563,2015-04-01,11.2,11.2,11.2,0.0,0.0,
563,2015-04-02,2.6,2.6,2.6,0.0,1.4,
565,2015-03-31,7.5,7.5,7.5,0.0,0.8,82.7
565,2015-04-01,12.6,12.6,12.6,0.0,1.0,88.3
565,2015-04-02,10.8,10.8,10.8,0.0,1.6,60.1
566,2015-03-31,7.4,7.4,7.4,0.0,1.0,77.9
566,2015-04-01,10.7,10.7,10.7,3.5,4.4,98.4
566,2015-04-02,2.3,2.3,2.3,0.0,,99.7
567,2015-03-31,8.1,8.1,8.1,0.0,0.2,
567,2015-04-01,11.1,11.1,11.1,0.5,0.0,
567,2015-04-02,6.1,6.1,6.1,0.0,0.8,
568,2015-03-31,7.4,7.4,7.4,0.0,,
568,2015-04-01,11.0,11.0,11.0,0.0,,
568,2015-04-02,6.7,6.7,6.7,0.0,,
569,2015-03-31,12.0,12.0,12.0,0.0,1.0,65.3
569,2015-04-01,12.0,12.0,12.0,0.0,0.7,91.4
569,2015-04-02,9.1,9.1,9.1,0.0,2.6,61.0
570,2015-03-31,8.3,8.3,8.3,0.0,0.2,
570,2015-04-01,11.8,11.8,11.8,0.0,2.0,
570,2015-04-02,10.9,10.9,10.9,0.0,1.2,
571,2015-03-31,9.2,9.2,9.2,0.0,0.7,70.7
571,2015-04-01,12.8,12.8,12.8,0.5,1.1,90.7
571,2015-04-02,11.2,11.2,11.2,0.0,2.7,54.1
572,2015-03-31,11.0,11.0,11.0,0.0,0.0,61.4
572,2015-04-01,12.5,12.5,12.5,0.5,0.1,90.7
572,2015-04-02,10.6,10.6,10.6,0.0,1.3,52.0
573,2015-03-31,4.7,4.7,4.7,0.0,1.1,
573,2015-04-01,11.0,11.0,11.0,0.0,0.4,
573,2015-04-02,4.1,4.1,4.1,0.0,0.7,
574,2015-03-31,5.7,5.7,5.7,0.0,0.8,
574,2015-04-01,11.7,11.7,11.7,0.5,0.0,
574,2015-04-02,6.4,6.4,6.4,0.0,1.8,
575,2015-03-31,8.3,8.3,8.3,0.0,0.2,
575,2015-04-01,12.0,12.0,12.0,0.5,0.2,
575,2015-04-02,10.6,10.6,10.6,0.0,2.5,
576,2015-03-31,10.2,10.2,10.2,0.0,0.9,
576,2015-04-01,11.7,11.7,11.7,0.5,0.0,
576,2015-04-02,6.7,6.7,6.7,0.0,0.2,
577,2015-03-31,7.1,7.1,7.1,0.0,0.4,99.9
577,2015-04-01,12.0,12.0,12.0,0.0,2.5,99.9
577,2015-04-02,11.8,11.8,11.8,0.0,2.6,63.2
578,2015-03-31,5.7,5.7,5.7,0.0,1.6,99.0
578,2015-04-01,12.2,12.2,12.2,0.5,0.0,99.0
578,2015-04-02,8.2,8.2,8.2,0.0,1.4,97.3
579,2015-03-31,9.4,9.4,9.4,0.0,1.3,59.1
579,2015-04-01,10.6,10.6,10.6,0.0,0.7,99.9
579,2015-04-02,1.7,1.7,1.7,0.0,0.5,99.9
580,2015-03-31,13.1,13.1,13.1,0.0,2.9,47.5
580,2015-04-01,13.5,13.5,13.5,1.0,2.8,92.5
580,2015-04-02,5.0,5.0,5.0,0.0,1.2,96.9
581,2015-03-31,6.4,6.4,6.4,0.0,0.3,
581,2015-04-01,10.3,10.3,10.3,0.0,0.0,
581,2015-04-02,2.8,2.8,2.8,0.0,2.1,
582,2015-03-31,6.6,6.6,6.6,0.0,,
582,2015-04-01,10.3,10.3,10.3,0.0,,
582,2015-04-02,4.7,4.7,4.7,0.0,,
583,2015-03-31,10.2,10.2,10.2,0.0,2.2,59.9
583,2015-04-01,9.3,9.3,9.3,0.5,1.0,98.9
583,2015-04-02,4.0,4.0,4.0,0.0,3.3,86.6
585,2015-03-31,7.4,7.4,7.4,0.0,2.6,62.4
585,2015-04-01,10.8,10.8,10.8,1.0,0.8,99.9
585,2015-04-02,1.7,1.7,1.7,0.0,0.4,99.4
586,2015-03-31,9.6,9.6,9.6,0.0,1.1,53.9
586,2015-04-01,11.6,11.6,11.6,0.5,0.1,98.4
586,2015-04-02,2.4,2.4,2.4,0.0,0.0,92.9
587,2015-03-31,4.7,4.7,4.7,0.0,0.1,69.7
587,2015-04-01,9.1,9.1,9.1,0.5,0.1,99.9
587,2015-04-02,0.1,0.1,0.1,0.0,1.0,99.3
588,2015-03-31,4.9,4.9,4.9,0.0,0.6,74.8
588,2015-04-01,11.1,11.1,11.1,1.0,0.4,94.9
588,2015-04-02,2.6,2.6,2.6,0.0,0.3,94.8
589,2015-03-31,9.0,9.0,9.0,0.0,0.0,
589,2015-04-01,11.6,11.6,11.6,0.0,0.8,
589,2015-04-02,9.1,9.1,9.1,0.0,0.2,
590,2015-03-31,11.2,11.2,11.2,0.0,1.8,65.1
590,2015-04-01,12.3,12.3,12.3,0.5,1.5,88.9
590,2015-04-02,11.1,11.1,11.1,0.0,2.9,53.7
591,2015-03-31,10.8,10.8,10.8,0.0,,
591,2015-04-01,10.7,10.7,10.7,1.0,,
591,2015-04-02,4.3,4.3,4.3,0.0,,
592,2015-03-31,7.6,7.6,7.6,0.0,,
592,2015-04-01,11.9,11.9,11.9,0.5,,
592,2015-04-02,5.9,5.9,5.9,0.0,,
593,2015-03-31,15.9,15.9,15.9,0.0,7.3,
593,2015-04-01,10.6,10.6,10.6,2.5,3.6,
593,2015-04-02,2.3,2.3,2.3,0.0,1.2,
594,2015-03-31,12.0,12.0,12.0,0.0,2.8,42.4
594,2015-04-01,10.6,10.6,10.6,0.5,0.5,98.2
594,2015-04-02,0.6,0.6,0.6,0.0,0.8,96.9
595,2015-03-31,12.1,12.1,12.1,0.0,5.1,32.6
595,2015-04-01,5.9,5.9,5.9,0.5,3.1,99.9
595,2015-04-02,0.9,0.9,0.9,0.0,0.7,99.9
596,2015-03-31,15.9,15.9,15.9,0.0,3.1,33.7
596,2015-04-01,11.8,11.8,11.8,0.5,3.0,
596,2015-04-02,1.5,1.5,1.5,0.0,0.4,99.9
597,2015-03-31,9.7,9.7,9.7,0.0,1.9,59.9
597,2015-04-01,9.1,9.1,9.1,1.0,0.4,98.7
597,2015-04-02,0.2,0.2,0.2,0.0,0.8,95.6
598,2015-03-31,7.6,7.6,7.6,0.0,0.3,74.9
598,2015-04-01,11.3,11.3,11.3,0.0,0.6,93.7
598,2015-04-02,9.2,9.2,9.2,0.0,2.2,62.6
599,2015-03-31,5.1,5.1,5.1,0.0,0.3,
599,2015-04-01,11.5,11.5,11.5,0.0,0.1,
599,2015-04-02,5.2,5.2,5.2,0.0,1.2,
600,2015-03-31,7.6,7.6,7.6,0.0,0.9,73.1
600,2015-04-01,12.1,12.1,12.1,0.5,1.0,97.6
600,2015-04-02,10.0,10.0,10.0,0.0,2.0,66.4
601,2015-03-31,11.6,11.6,11.6,0.0,0.0,45.4
601,2015-04-01,11.7,11.7,11.7,0.5,0.1,91.4
601,2015-04-02,8.4,8.4,8.4,0.0,0.4,66.3
602,2015-03-31,8.8,8.8,8.8,0.0,1.1,70.0
602,2015-04-01,12.2,12.2,12.2,0.5,0.3,99.9
602,2015-04-02,9.7,9.7,9.7,0.0,0.7,71.9
603,2015-03-31,6.9,6.9,6.9,0.0,0.2,69.5
603,2015-04-01,11.8,11.8,11.8,0.5,0.1,97.5
603,2015-04-02,9.9,9.9,9.9,0.0,2.7,69.8
604,2015-03-31,10.4,10.4,10.4,0.0,0.0,94.1
604,2015-04-01,12.4,12.4,12.4,0.0,0.1,96.9
604,2015-04-02,9.7,9.7,9.7,0.0,2.8,93.6
605,2015-03-31,8.0,8.0,8.0,0.0,0.2,72.7
605,2015-04-01,12.2,12.2,12.2,0.0,1.0,93.5
605,2015-04-02,9.7,9.7,9.7,0.0,4.4,76.0
606,2015-03-31,4.6,4.6,4.6,0.0,1.4,
606,2015-04-01,10.9,10.9,10.9,0.0,2.8,
606,2015-04-02,10.9,10.9,10.9,0.0,8.9,
607,2015-03-31,7.0,7.0,7.0,0.0,2.2,
607,2015-04-01,11.9,11.9,11.9,0.0,1.0,
607,2015-04-02,11.0,11.0,11.0,0.0,2.4,
608,2015-03-31,8.5,8.5,8.5,0.0,0.6,99.9
608,2015-04-01,11.8,11.8,11.8,0.0,0.6,99.9
608,2015-04-02,9.9,9.9,9.9,0.0,2.6,84.9
609,2015-03-31,6.8,6.8,6.8,0.0,1.4,
609,2015-04-01,12.9,12.9,12.9,0.5,1.1,
609,2015-04-02,10.8,10.8,10.8,0.0,2.7,
610,2015-03-31,8.7,8.7,8.7,0.0,1.1,81.9
610,2015-04-01,12.5,12.5,12.5,0.0,1.4,92.0
610,2015-04-02,11.1,11.1,11.1,0.0,1.9,65.4
611,2015-03-31,8.8,8.8,8.8,0.0,0.6,58.5
611,2015-04-01,12.7,12.7,12.7,0.5,0.6,94.7
611,2015-04-02,10.4,10.4,10.4,0.0,1.6,70.5
612,2015-03-31,8.9,8.9,8.9,0.0,0.3,67.1
612,2015-04-01,12.7,12.7,12.7,0.0,1.4,93.0
612,2015-04-02,10.4,10.4,10.4,0.0,2.1,71.6
614,2015-03-31,6.9,6.9,6.9,0.0,0.2,99.9
614,2015-04-01,13.2,13.2,13.2,0.0,1.7,99.9
614,2015-04-02,9.8,9.8,9.8,0.0,3.8,99.9
615,2015-03-31,8.4,8.4,8.4,0.0,0.6,78.2
615,2015-04-01,13.0,13.0,13.0,0.0,0.6,92.4
615,2015-04-02,10.8,10.8,10.8,0.0,3.0,72.4
616,2015-03-31,8.9,8.9,8.9,0.0,0.9,91.6
616,2015-04-01,12.4,12.4,12.4,0.5,0.6,91.6
616,2015-04-02,10.4,10.4,10.4,0.0,2.1,74.2
617,2015-03-31,9.2,9.2,9.2,0.0,0.5,77.5
617,2015-04-01,12.4,12.4,12.4,0.5,0.2,98.0
617,2015-04-02,11.1,11.1,11.1,0.0,1.0,69.7
618,2015-03-31,6.1,6.1,6.1,0.0,0.1,82.7
618,2015-04-01,12.1,12.1,12.1,0.0,0.0,99.0
618,2015-04-02,8.9,8.9,8.9,0.0,0.0,95.4
619,2015-03-31,6.1,6.1,6.1,0.0,0.8,90.7
619,2015-04-01,11.8,11.8,11.8,0.5,1.5,97.5
619,2015-04-02,9.4,9.4,9.4,0.0,3.6,83.8
620,2015-03-31,8.1,8.1,8.1,0.0,1.3,
620,2015-04-01,11.6,11.6,11.6,0.0,0.0,
620,2015-04-02,9.1,9.1,9.1,0.0,3.8,
621,2015-03-31,9.1,9.1,9.1,0.0,1.4,
621,2015-04-01,11.4,11.4,11.4,0.0,0.0,
621,2015-04-02,10.1,10.1,10.1,0.0,3.0,
622,2015-03-31,6.0,6.0,6.0,0.0,0.3,
622,2015-04-01,11.4,11.4,11.4,0.5,0.6,
622,2015-04-02,8.8,8.8,8.8,0.0,3.0,
623,2015-03-31,9.9,9.9,9.9,0.0,0.4,61.0
623,2015-04-01,12.4,12.4,12.4,0.5,0.0,96.0
623,2015-04-02,10.0,10.0,10.0,0.0,2.0,69.8
624,2015-03-31,7.2,7.2,7.2,0.0,0.5,67.8
624,2015-04-01,11.7,11.7,11.7,0.0,0.5,99.9
624,2015-04-02,8.6,8.6,8.6,0.0,0.8,79.0
625,2015-03-31,6.4,6.4,6.4,0.0,0.6,73.2
625,2015-04-01,11.1,11.1,11.1,0.0,1.1,99.3
625,2015-04-02,7.2,7.2,7.2,0.0,4.0,91.2
626,2015-03-31,7.7,7.7,7.7,0.0,0.5,
626,2015-04-01,12.1,12.1,12.1,0.0,0.0,
626,2015-04-02,9.1,9.1,9.1,0.0,1.5,
627,2015-03-31,7.8,7.8,7.8,0.0,1.8,
627,2015-04-01,12.5,12.5,12.5,0.5,1.4,
627,2015-04-02,10.9,10.9,10.9,0.0,2.0,73.9
628,2015-03-31,10.4,10.4,10.4,0.0,1.3,83.4
628,2015-04-01,12.6,12.6,12.6,0.0,0.7,99.9
628,2015-04-02,10.7,10.7,10.7,0.0,0.1,75.6
629,2015-03-31,7.3,7.3,7.3,0.0,0.1,
629,2015-04-01,12.4,12.4,12.4,0.0,0.0,
629,2015-04-02,10.3,10.3,10.3,0.0,2.1,
630,2015-03-31,7.8,7.8,7.8,0.0,1.8,
630,2015-04-01,11.6,11.6,11.6,0.5,1.3,
630,2015-04-02,9.2,9.2,9.2,0.0,2.3,
631,2015-03-31,7.9,7.9,7.9,0.0,0.5,
631,2015-04-01,11.8,11.8,11.8,0.0,1.4,
631,2015-04-02,11.5,11.5,11.5,0.0,4.7,
632,2015-03-31,6.7,6.7,6.7,0.0,0.1,
632,2015-04-01,12.3,12.3,12.3,0.0,0.6,
632,2015-04-02,10.2,10.2,10.2,0.0,2.7,
633,2015-03-31,7.9,7.9,7.9,0.0,0.7,
633,2015-04-01,12.4,12.4,12.4,0.0,0.2,
633,2015-04-02,9.9,9.9,9.9,0.0,1.0,
634,2015-03-31,9.8,9.8,9.8,0.0,0.8,69.5
634,2015-04-01,12.8,12.8,12.8,0.0,1.2,89.0
634,2015-04-02,10.8,10.8,10.8,0.0,4.7,55.5
635,2015-03-31,6.5,6.5,6.5,0.0,0.5,
635,2015-04-01,12.8,12.8,12.8,0.0,0.1,
635,2015-04-02,10.2,10.2,10.2,0.0,1.9,
636,2015-03-31,6.0,6.0,6.0,0.0,0.4,88.6
636,2015-04-01,11.9,11.9,11.9,0.0,0.2,95.0
636,2015-04-02,9.0,9.0,9.0,0.0,1.3,83.8
637,2015-03-31,7.7,7.7,7.7,0.0,1.5,
637,2015-04-01,11.8,11.8,11.8,0.5,2.0,
637,2015-04-02,10.5,10.5,10.5,0.0,3.5,
638,2015-03-31,10.1,10.1,10.1,0.0,0.8,65.4
638,2015-04-01,11.2,11.2,11.2,0.5,0.0,99.0
638,2015-04-02,6.3,6.3,6.3,0.0,0.1,89.9
639,2015-03-31,10.3,10.3,10.3,0.0,0.9,
639,2015-04-01,11.3,11.3,11.3,1.0,1.1,
639,2015-04-02,8.5,8.5,8.5,0.0,2.7,
640,2015-03-31,4.9,4.9,4.9,0.0,0.6,
640,2015-04-01,10.8,10.8,10.8,0.5,0.6,
640,2015-04-02,7.8,7.8,7.8,0.0,4.1,
641,2015-03-31,9.0,9.0,9.0,0.0,0.2,
641,2015-04-01,12.2,12.2,12.2,0.0,0.6,
641,2015-04-02,9.7,9.7,9.7,0.0,3.5,
642,2015-03-31,13.5,13.5,13.5,0.0,0.1,
642,2015-04-01,13.2,13.2,13.2,0.0,0.1,
642,2015-04-02,10.4,10.4,10.4,0.0,1.5,
643,2015-03-31,10.7,10.7,10.7,0.0,0.1,
643,2015-04-01,13.4,13.4,13.4,0.0,0.8,
643,2015-04-02,10.2,10.2,10.2,0.0,2.0,
644,2015-03-31,8.7,8.7,8.7,0.0,0.0,
644,2015-04-01,12.7,12.7,12.7,0.0,0.8,
644,2015-04-02,10.8,10.8,10.8,0.0,3.1,
645,2015-03-31,6.3,6.3,6.3,0.0,0.3,
645,2015-04-01,12.9,12.9,12.9,0.0,0.6,
645,2015-04-02,11.1,11.1,11.1,0.0,4.2,
646,2015-03-31,7.7,7.7,7.7,0.0,2.1,
646,2015-04-01,13.9,13.9,13.9,0.0,0.7,
646,2015-04-02,10.8,10.8,10.8,0.0,5.2,
647,2015-03-31,8.8,8.8,8.8,0.0,,
647,2015-04-01,11.4,11.4,11.4,0.0,,
647,2015-04-02,9.2,9.2,9.2,0.0,,
648,2015-03-31,9.0,9.0,9.0,0.0,0.3,87.6
648,2015-04-01,12.3,12.3,12.3,0.0,0.0,98.6
648,2015-04-02,9.8,9.8,9.8,0.0,2.4,82.1
649,2015-03-31,7.9,7.9,7.9,0.0,0.1,
649,2015-04-01,12.3,12.3,12.3,0.0,0.1,
649,2015-04-02,11.2,11.2,11.2,0.0,0.6,
650,2015-03-31,7.3,7.3,7.3,0.0,0.5,
650,2015-04-01,10.7,10.7,10.7,0.5,0.5,
650,2015-04-02,6.0,6.0,6.0,0.0,1.1,
651,2015-03-31,8.2,8.2,8.2,0.0,1.8,80.1
651,2015-04-01,10.2,10.2,10.2,0.0,0.4,98.8
651,2015-04-02,4.3,4.3,4.3,0.0,0.5,92.0
652,2015-03-31,7.3,7.3,7.3,0.0,0.1,65.3
652,2015-04-01,11.6,11.6,11.6,0.0,0.8,93.0
652,2015-04-02,6.9,6.9,6.9,0.0,0.0,77.1
654,2015-03-31,7.1,7.1,7.1,0.0,0.0,
654,2015-04-01,11.6,11.6,11.6,0.0,1.5,
654,2015-04-02,11.0,11.0,11.0,0.0,2.3,
655,2015-03-31,4.6,4.6,4.6,0.0,2.6,
655,2015-04-01,9.3,9.3,9.3,0.0,4.2,
655,2015-04-02,8.5,8.5,8.5,0.0,2.6,
656,2015-03-31,6.2,6.2,6.2,0.0,0.7,
656,2015-04-01,10.7,10.7,10.7,0.0,0.0,
656,2015-04-02,9.1,9.1,9.1,0.0,0.2,
657,2015-03-31,10.4,10.4,10.4,0.0,2.1,
657,2015-04-01,12.2,12.2,12.2,0.5,0.6,
657,2015-04-02,11.4,11.4,11.4,0.0,1.1,
658,2015-03-31,6.8,6.8,6.8,0.0,3.6,
658,2015-04-01,13.0,13.0,13.0,0.5,1.2,
658,2015-04-02,10.6,10.6,10.6,0.0,3.5,
659,2015-03-31,7.8,7.8,7.8,0.0,4.6,
659,2015-04-01,11.8,11.8,11.8,0.0,3.8,
659,2015-04-02,4.8,4.8,4.8,0.0,5.6,
660,2015-03-31,3.4,3.4,3.4,0.0,0.1,
660,2015-04-01,9.3,9.3,9.3,1.0,0.0,
660,2015-04-02,-0.4,-0.4,-0.4,0.0,0.6,
661,2015-03-31,6.8,6.8,6.8,0.0,2.0,
661,2015-04-01,7.6,7.6,7.6,0.5,3.9,
661,2015-04-02,5.6,5.6,5.6,0.0,1.4,
662,2015-03-31,5.3,5.3,5.3,0.0,3.3,98.1
662,2015-04-01,10.5,10.5,10.5,0.0,1.2,99.0
662,2015-04-02,9.6,9.6,9.6,0.0,4.5,84.4
663,2015-03-31,4.3,4.3,4.3,0.0,3.7,99.9
663,2015-04-01,7.8,7.8,7.8,0.0,4.3,99.9
663,2015-04-02,8.0,8.0,8.0,0.0,6.1,89.6
664,2015-03-31,7.4,7.4,7.4,0.0,0.3,99.0
664,2015-04-01,11.8,11.8,11.8,0.0,0.6,99.0
664,2015-04-02,11.1,11.1,11.1,0.0,3.0,79.3
665,2015-03-31,7.7,7.7,7.7,0.0,0.1,95.5
665,2015-04-01,11.8,11.8,11.8,0.0,1.0,99.0
665,2015-04-02,10.9,10.9,10.9,0.0,2.7,74.1
666,2015-03-31,5.3,5.3,5.3,0.0,1.1,99.0
666,2015-04-01,7.3,7.3,7.3,0.5,5.6,99.0
666,2015-04-02,9.2,9.2,9.2,0.0,7.2,85.4
667,2015-03-31,5.7,5.7,5.7,0.0,4.8,99.9
667,2015-04-01,11.4,11.4,11.4,0.0,3.5,99.9
667,2015-04-02,9.9,9.9,9.9,0.0,6.8,81.9
669,2015-03-31,6.5,6.5,6.5,0.0,2.6,
669,2015-04-01,11.3,11.3,11.3,0.0,0.7,
669,2015-04-02,10.1,10.1,10.1,0.0,4.6,
670,2015-03-31,17.4,17.4,17.4,0.0,3.3,31.9
670,2015-04-01,9.3,9.3,9.3,1.0,5.3,99.9
670,2015-04-02,2.8,2.8,2.8,0.0,1.2,99.9
671,2015-03-31,12.7,12.7,12.7,0.0,0.6,53.8
671,2015-04-01,8.6,8.6,8.6,1.0,4.0,95.1
671,2015-04-02,4.6,4.6,4.6,0.0,0.3,97.1
672,2015-03-31,8.3,8.3,8.3,0.0,0.9,
672,2015-04-01,14.6,14.6,14.6,0.0,0.3,
672,2015-04-02,13.0,13.0,13.0,0.0,2.4,
673,2015-03-31,11.0,11.0,11.0,0.0,0.5,
673,2015-04-01,13.8,13.8,13.8,0.5,0.0,
673,2015-04-02,9.8,9.8,9.8,0.0,0.4,
674,2015-03-31,11.0,11.0,11.0,0.0,3.7,53.7
674,2015-04-01,9.6,9.6,9.6,0.0,0.6,99.9
674,2015-04-02,0.8,0.8,0.8,0.0,1.1,99.9
675,2015-03-31,7.8,7.8,7.8,0.0,0.6,78.8
675,2015-04-01,11.4,11.4,11.4,0.5,0.0,99.9
675,2015-04-02,5.6,5.6,5.6,0.0,0.6,92.3
680,2015-03-31,7.3,7.3,7.3,0.0,1.5,
680,2015-04-01,10.7,10.7,10.7,0.5,0.4,
680,2015-04-02,3.4,3.4,3.4,0.0,0.7,
681,2015-03-31,8.9,8.9,8.9,0.0,0.1,
681,2015-04-01,12.6,12.6,12.6,0.5,0.9,
681,2015-04-02,4.6,4.6,4.6,0.0,0.0,
682,2015-03-31,6.5,6.5,6.5,0.0,2.0,
682,2015-04-01,6.8,6.8,6.8,0.0,2.9,
682,2015-04-02,1.7,1.7,1.7,0.0,6.2,
683,2015-03-31,8.7,8.7,8.7,0.0,2.0,73.6
683,2015-04-01,12.2,12.2,12.2,0.1,1.1,99.9
683,2015-04-02,10.3,10.3,10.3,0.0,1.1,74.6
684,2015-03-31,11.2,11.2,11.2,0.0,1.2,45.6
684,2015-04-01,11.3,11.3,11.3,0.7,0.2,97.7
684,2015-04-02,5.1,5.1,5.1,0.0,1.5,79.2
685,2015-03-31,15.3,15.3,15.3,0.0,0.4,79.1
685,2015-04-01,15.6,15.6,15.6,0.5,1.4,97.4
685,2015-04-02,12.8,12.8,12.8,0.0,6.4,90.2
686,2015-03-31,8.8,8.8,8.8,0.0,0.8,98.9
686,2015-04-01,13.2,13.2,13.2,0.0,0.3,98.9
686,2015-04-02,9.0,9.0,9.0,0.0,1.5,98.9
688,2015-03-31,9.6,9.6,9.6,0.0,0.9,
688,2015-04-01,14.7,14.7,14.7,0.0,0.8,
688,2015-04-02,12.5,12.5,12.5,0.0,2.5,
690,2015-03-31,9.6,9.6,9.6,0.0,0.2,95.4
690,2015-04-01,14.1,14.1,14.1,0.0,0.8,99.9
690,2015-04-02,11.2,11.2,11.2,0.0,1.5,99.9
691,2015-03-31,5.4,5.4,5.4,0.0,0.4,91.7
691,2015-04-01,12.3,12.3,12.3,0.0,1.5,99.9
691,2015-04-02,9.9,9.9,9.9,0.0,3.1,84.3
692,2015-03-31,5.2,5.2,5.2,0.0,0.7,89.3
692,2015-04-01,10.5,10.5,10.5,0.0,0.4,89.2
692,2015-04-02,6.2,6.2,6.2,0.0,1.1,86.9
693,2015-03-31,10.2,10.2,10.2,0.0,0.5,70.8
693,2015-04-01,12.5,12.5,12.5,0.0,1.3,97.6
693,2015-04-02,10.4,10.4,10.4,0.0,0.7,79.4
694,2015-03-31,8.9,8.9,8.9,0.0,8.5,
694,2015-04-01,12.0,12.0,12.0,0.0,4.6,
694,2015-04-02,6.0,6.0,6.0,0.0,7.3,
695,2015-03-31,5.8,5.8,5.8,0.0,5.3,78.4
695,2015-04-01,8.1,8.1,8.1,0.0,2.8,98.9
695,2015-04-02,3.2,3.2,3.2,0.0,7.8,82.4
696,2015-03-31,15.9,15.9,15.9,0.0,3.0,
696,2015-04-01,15.0,15.0,15.0,0.0,2.7,
696,2015-04-02,6.0,6.0,6.0,0.0,0.5,
697,2015-03-31,14.0,14.0,14.0,0.0,1.6,94.7
697,2015-04-01,11.1,11.1,11.1,0.0,0.9,99.9
697,2015-04-02,11.5,11.5,11.5,0.0,4.1,92.2
698,2015-03-31,10.2,10.2,10.2,0.0,1.8,99.9
698,2015-04-01,15.0,15.0,15.0,0.0,0.9,99.9
698,2015-04-02,12.4,12.4,12.4,0.0,4.9,99.9
699,2015-03-31,9.6,9.6,9.6,0.0,1.7,98.2
699,2015-04-01,15.6,15.6,15.6,0.0,1.5,99.9
699,2015-04-02,12.3,12.3,12.3,0.0,2.6,96.3
700,2015-03-31,12.4,12.4,12.4,0.0,8.6,
700,2015-04-01,11.9,11.9,11.9,0.0,0.6,
700,2015-04-02,9.5,9.5,9.5,0.0,4.0,
701,2015-03-31,7.0,7.0,7.0,0.0,0.9,81.4
701,2015-04-01,11.8,11.8,11.8,0.0,0.5,97.9
701,2015-04-02,9.4,9.4,9.4,0.0,1.5,86.4
702,2015-03-31,8.9,8.9,8.9,0.0,0.3,94.5
702,2015-04-01,13.4,13.4,13.4,0.0,0.2,98.1
702,2015-04-02,11.7,11.7,11.7,0.0,2.0,93.5
703,2015-03-31,7.6,7.6,7.6,0.0,0.0,80.5
703,2015-04-01,12.7,12.7,12.7,0.0,0.0,92.6
703,2015-04-02,9.1,9.1,9.1,0.0,0.5,91.0
704,2015-03-31,9.4,9.4,9.4,0.0,2.1,98.0
704,2015-04-01,12.7,12.7,12.7,0.0,1.3,99.6
704,2015-04-02,11.1,11.1,11.1,0.0,2.1,99.7
706,2015-03-31,8.6,8.6,8.6,0.0,0.3,99.9
706,2015-04-01,14.5,14.5,14.5,0.0,0.1,99.9
706,2015-04-02,11.7,11.7,11.7,0.0,3.1,99.9
707,2015-03-31,11.6,11.6,11.6,0.0,2.1,98.5
707,2015-04-01,14.0,14.0,14.0,0.0,1.2,99.9
707,2015-04-02,12.5,12.5,12.5,0.0,4.7,97.6
708,2015-03-31,9.8,9.8,9.8,0.0,0.2,99.3
708,2015-04-01,15.2,15.2,15.2,0.0,0.3,99.3
708,2015-04-02,12.5,12.5,12.5,0.0,3.5,93.2
709,2015-03-31,9.2,9.2,9.2,0.0,0.5,90.9
709,2015-04-01,13.1,13.1,13.1,0.0,0.3,94.8
709,2015-04-02,10.7,10.7,10.7,0.0,1.2,79.3
710,2015-03-31,8.8,8.8,8.8,0.0,0.0,97.3
710,2015-04-01,15.2,15.2,15.2,0.0,,96.3
710,2015-04-02,12.2,12.2,12.2,0.0,3.5,86.1
711,2015-03-31,8.1,8.1,8.1,0.0,1.5,96.1
711,2015-04-01,14.2,14.2,14.2,0.0,1.3,96.5
711,2015-04-02,11.2,11.2,11.2,0.0,3.7,88.6
712,2015-03-31,11.4,11.4,11.4,0.0,0.3,93.7
712,2015-04-01,14.3,14.3,14.3,0.0,0.0,99.9
712,2015-04-02,10.7,10.7,10.7,0.0,2.7,82.2
713,2015-03-31,10.3,10.3,10.3,0.0,0.0,93.4
713,2015-04-01,14.1,14.1,14.1,0.0,0.0,99.2
713,2015-04-02,10.9,10.9,10.9,0.0,0.3,80.3
714,2015-03-31,10.9,10.9,10.9,0.0,0.4,
714,2015-04-01,14.2,14.2,14.2,0.0,2.3,
714,2015-04-02,12.5,12.5,12.5,0.0,2.7,
716,2015-03-31,11.1,11.1,11.1,0.0,0.9,
716,2015-04-01,13.6,13.6,13.6,0.0,0.5,
716,2015-04-02,12.2,12.2,12.2,0.0,6.2,
717,2015-03-31,8.1,8.1,8.1,0.0,0.1,
717,2015-04-01,13.6,13.6,13.6,0.0,0.1,
717,2015-04-02,11.8,11.8,11.8,0.0,7.2,
718,2015-03-31,12.9,12.9,12.9,0.0,0.5,97.9
718,2015-04-01,13.1,13.1,13.1,0.0,1.2,97.9
718,2015-04-02,11.4,11.4,11.4,0.0,7.2,96.8
719,2015-03-31,8.2,8.2,8.2,0.0,0.3,
719,2015-04-01,12.4,12.4,12.4,0.0,0.4,
719,2015-04-02,10.4,10.4,10.4,0.0,2.3,
720,2015-03-31,8.5,8.5,8.5,0.0,0.0,
720,2015-04-01,16.1,16.1,16.1,0.0,1.7,
720,2015-04-02,11.6,11.6,11.6,0.0,2.6,
721,2015-03-31,12.8,12.8,12.8,0.0,1.7,
721,2015-04-01,13.1,13.1,13.1,0.0,2.7,
721,2015-04-02,11.6,11.6,11.6,0.0,6.0,
722,2015-03-31,13.1,13.1,13.1,0.0,2.1,
722,2015-04-01,16.1,16.1,16.1,0.0,2.2,
722,2015-04-02,13.3,13.3,13.3,0.0,5.1,
723,2015-03-31,14.8,14.8,14.8,0.0,2.3,
723,2015-04-01,14.8,14.8,14.8,0.0,2.2,
723,2015-04-02,11.5,11.5,11.5,0.0,1.4,
724,2015-03-31,12.5,12.5,12.5,0.0,1.3,97.9
724,2015-04-01,14.3,14.3,14.3,0.5,5.0,97.9
724,2015-04-02,11.8,11.8,11.8,0.0,9.9,97.9
725,2015-03-31,14.0,14.0,14.0,0.0,1.9,90.5
725,2015-04-01,15.9,15.9,15.9,0.0,3.0,95.9
725,2015-04-02,13.1,13.1,13.1,0.0,6.7,87.7
726,2015-03-31,14.4,14.4,14.4,0.0,3.1,81.6
726,2015-04-01,13.6,13.6,13.6,0.0,3.1,89.9
726,2015-04-02,13.0,13.0,13.0,0.0,10.2,87.2
727,2015-03-31,13.4,13.4,13.4,0.0,0.8,71.1
727,2015-04-01,15.1,15.1,15.1,0.0,1.3,92.8
727,2015-04-02,12.3,12.3,12.3,0.0,0.3,97.1
730,2015-03-31,9.3,9.3,9.3,0.0,0.1,99.4
730,2015-04-01,14.1,14.1,14.1,0.0,0.4,99.9
730,2015-04-02,12.7,12.7,12.7,0.0,1.4,95.7
731,2015-03-31,12.5,12.5,12.5,0.0,0.8,91.8
731,2015-04-01,15.6,15.6,15.6,0.0,0.0,99.9
731,2015-04-02,12.0,12.0,12.0,0.0,7.3,91.0
732,2015-03-31,8.7,8.7,8.7,0.0,0.0,95.9
732,2015-04-01,13.8,13.8,13.8,0.0,1.0,95.9
732,2015-04-02,10.0,10.0,10.0,0.0,2.1,95.9
733,2015-03-31,8.6,8.6,8.6,0.0,0.2,
733,2015-04-01,13.0,13.0,13.0,0.0,0.7,
733,2015-04-02,9.8,9.8,9.8,0.0,1.0,
734,2015-03-31,9.0,9.0,9.0,0.0,1.3,82.7
734,2015-04-01,14.4,14.4,14.4,0.0,0.6,93.6
734,2015-04-02,11.0,11.0,11.0,0.0,1.6,89.5
735,2015-03-31,5.9,5.9,5.9,0.0,0.4,
735,2015-04-01,11.3,11.3,11.3,0.0,0.2,
735,2015-04-02,6.7,6.7,6.7,0.0,3.0,
736,2015-03-31,8.0,8.0,8.0,0.0,0.7,
736,2015-04-01,13.6,13.6,13.6,0.0,2.5,
736,2015-04-02,11.3,11.3,11.3,0.0,3.4,
737,2015-03-31,10.5,10.5,10.5,0.0,1.4,84.9
737,2015-04-01,13.0,13.0,13.0,0.0,1.7,91.7
737,2015-04-02,12.0,12.0,12.0,0.0,2.6,90.1
738,2015-03-31,9.1,9.1,9.1,0.0,1.0,
738,2015-04-01,14.2,14.2,14.2,0.0,0.5,
738,2015-04-02,12.3,12.3,12.3,0.0,0.7,
739,2015-03-31,9.1,9.1,9.1,0.0,0.7,
739,2015-04-01,14.6,14.6,14.6,0.0,0.0,
739,2015-04-02,13.6,13.6,13.6,0.0,1.4,
741,2015-03-31,10.6,10.6,10.6,0.0,1.0,96.9
741,2015-04-01,15.6,15.6,15.6,0.0,2.2,99.9
741,2015-04-02,12.0,12.0,12.0,0.0,6.6,91.1
742,2015-03-31,11.4,11.4,11.4,0.0,,
742,2015-04-01,15.3,15.3,15.3,0.0,,
742,2015-04-02,12.7,12.7,12.7,0.0,,
743,2015-03-31,12.2,12.2,12.2,0.0,2.6,93.4
743,2015-04-01,13.8,13.8,13.8,0.0,1.0,99.9
743,2015-04-02,12.0,12.0,12.0,0.0,8.6,94.3
744,2015-03-31,9.6,9.6,9.6,0.0,1.2,99.9
744,2015-04-01,14.3,14.3,14.3,0.0,2.9,99.9
744,2015-04-02,11.7,11.7,11.7,0.0,6.1,93.5
745,2015-03-31,7.6,7.6,7.6,0.0,0.1,
745,2015-04-01,14.1,14.1,14.1,0.0,0.7,
745,2015-04-02,11.3,11.3,11.3,0.0,4.5,
746,2015-03-31,11.7,11.7,11.7,0.0,0.8,97.7
746,2015-04-01,15.3,15.3,15.3,0.5,1.3,99.9
746,2015-04-02,12.3,12.3,12.3,0.0,5.7,75.5
747,2015-03-31,12.0,12.0,12.0,0.0,0.1,93.6
747,2015-04-01,15.5,15.5,15.5,0.0,1.2,99.9
747,2015-04-02,11.0,11.0,11.0,0.0,5.9,82.0
748,2015-03-31,9.0,9.0,9.0,0.0,0.7,
748,2015-04-01,14.2,14.2,14.2,0.0,1.1,
748,2015-04-02,10.8,10.8,10.8,0.0,2.4,
749,2015-03-31,10.7,10.7,10.7,0.0,0.0,
749,2015-04-01,14.1,14.1,14.1,0.0,1.4,
749,2015-04-02,11.3,11.3,11.3,0.0,1.5,
750,2015-03-31,13.3,13.3,13.3,0.0,1.7,
750,2015-04-01,13.8,13.8,13.8,0.0,2.3,
750,2015-04-02,10.5,10.5,10.5,0.0,4.8,
751,2015-03-31,14.9,14.9,14.9,0.0,3.9,79.7
751,2015-04-01,15.3,15.3,15.3,0.0,0.1,91.8
751,2015-04-02,11.3,11.3,11.3,0.0,4.3,91.6
752,2015-03-31,14.3,14.3,14.3,0.0,4.6,89.8
752,2015-04-01,14.2,14.2,14.2,0.0,2.2,99.0
752,2015-04-02,12.5,12.5,12.5,0.0,3.7,98.3
753,2015-03-31,12.2,12.2,12.2,0.0,0.5,55.1
753,2015-04-01,15.2,15.2,15.2,0.0,3.6,94.5
753,2015-04-02,10.8,10.8,10.8,0.0,0.0,96.7
754,2015-03-31,8.9,8.9,8.9,0.0,1.0,91.1
754,2015-04-01,15.9,15.9,15.9,0.0,0.7,91.2
754,2015-04-02,13.0,13.0,13.0,0.0,3.7,80.3
755,2015-03-31,6.8,6.8,6.8,0.0,0.2,98.5
755,2015-04-01,13.6,13.6,13.6,0.0,0.0,99.4
755,2015-04-02,11.8,11.8,11.8,0.0,2.5,83.8
756,2015-03-31,11.0,11.0,11.0,0.0,1.8,85.0
756,2015-04-01,12.8,12.8,12.8,0.0,0.6,95.1
756,2015-04-02,12.3,12.3,12.3,0.0,2.1,93.5
757,2015-03-31,5.4,5.4,5.4,0.0,0.7,
757,2015-04-01,11.7,11.7,11.7,0.0,0.3,
757,2015-04-02,7.8,7.8,7.8,0.0,0.3,
758,2015-03-31,5.9,5.9,5.9,0.0,,
758,2015-04-01,12.2,12.2,12.2,0.0,,
758,2015-04-02,8.6,8.6,8.6,0.0,,
759,2015-03-31,7.9,7.9,7.9,0.0,0.7,91.6
759,2015-04-01,10.7,10.7,10.7,0.0,0.9,98.9
759,2015-04-02,7.2,7.2,7.2,0.0,1.2,96.8
760,2015-03-31,5.7,5.7,5.7,0.0,0.4,
760,2015-04-01,13.2,13.2,13.2,0.0,0.5,
760,2015-04-02,10.6,10.6,10.6,0.0,2.3,
761,2015-03-31,8.9,8.9,8.9,0.0,0.2,
761,2015-04-01,14.3,14.3,14.3,0.0,0.2,
761,2015-04-02,12.7,12.7,12.7,0.0,5.2,
762,2015-03-31,9.0,9.0,9.0,0.0,0.5,
762,2015-04-01,14.4,14.4,14.4,0.0,1.5,
762,2015-04-02,10.5,10.5,10.5,0.0,5.2,
763,2015-03-31,9.2,9.2,9.2,0.0,0.3,
763,2015-04-01,12.5,12.5,12.5,0.0,0.0,
763,2015-04-02,10.9,10.9,10.9,0.0,0.9,99.9
764,2015-03-31,5.4,5.4,5.4,0.0,,
764,2015-04-01,13.0,13.0,13.0,0.0,,
764,2015-04-02,10.0,10.0,10.0,0.0,,
765,2015-03-31,6.2,6.2,6.2,0.0,0.2,
765,2015-04-01,14.0,14.0,14.0,0.0,0.1,
765,2015-04-02,10.7,10.7,10.7,0.0,2.9,
766,2015-03-31,12.9,12.9,12.9,0.0,1.4,
766,2015-04-01,14.1,14.1,14.1,0.0,1.7,
766,2015-04-02,10.1,10.1,10.1,0.0,6.8,
767,2015-03-31,10.1,10.1,10.1,0.0,0.2,
767,2015-04-01,14.0,14.0,14.0,0.0,0.6,
767,2015-04-02,11.5,11.5,11.5,0.0,4.2,
768,2015-03-31,10.2,10.2,10.2,0.0,0.1,79.9
768,2015-04-01,14.3,14.3,14.3,0.0,0.9,85.8
768,2015-04-02,11.5,11.5,11.5,0.0,0.7,85.8
769,2015-03-31,10.5,10.5,10.5,0.0,0.5,93.6
769,2015-04-01,14.7,14.7,14.7,0.0,1.0,98.3
769,2015-04-02,13.0,13.0,13.0,0.0,1.8,93.7
770,2015-03-31,7.2,7.2,7.2,0.0,0.5,
770,2015-04-01,14.5,14.5,14.5,0.0,0.2,
770,2015-04-02,10.9,10.9,10.9,0.0,4.5,
771,2015-03-31,10.2,10.2,10.2,0.0,,98.2
771,2015-04-01,14.1,14.1,14.1,0.0,,99.8
771,2015-04-02,12.2,12.2,12.2,0.0,,89.0
772,2015-03-31,10.1,10.1,10.1,0.0,1.8,
772,2015-04-01,13.6,13.6,13.6,0.0,1.1,
772,2015-04-02,12.2,12.2,12.2,0.0,7.6,
773,2015-03-31,11.1,11.1,11.1,0.0,4.2,
773,2015-04-01,14.7,14.7,14.7,0.0,1.7,
773,2015-04-02,11.5,11.5,11.5,0.0,8.1,
774,2015-03-31,10.5,10.5,10.5,0.0,1.0,
774,2015-04-01,15.7,15.7,15.7,0.0,0.4,
774,2015-04-02,13.0,13.0,13.0,0.0,2.6,
775,2015-03-31,10.0,10.0,10.0,0.0,0.2,
775,2015-04-01,15.0,15.0,15.0,0.0,0.3,
775,2015-04-02,12.3,12.3,12.3,0.0,4.2,
776,2015-03-31,9.1,9.1,9.1,0.0,1.3,
776,2015-04-01,15.6,15.6,15.6,0.0,0.4,
776,2015-04-02,12.6,12.6,12.6,0.0,5.4,
777,2015-03-31,10.5,10.5,10.5,0.0,0.4,
777,2015-04-01,13.9,13.9,13.9,0.0,0.6,
777,2015-04-02,11.6,11.6,11.6,0.0,2.2,
778,2015-03-31,6.5,6.5,6.5,0.0,0.2,
778,2015-04-01,14.7,14.7,14.7,0.0,0.2,
778,2015-04-02,11.5,11.5,11.5,0.0,3.4,
779,2015-03-31,16.4,16.4,16.4,0.0,2.8,75.3
779,2015-04-01,16.1,16.1,16.1,0.0,3.5,96.5
779,2015-04-02,14.6,14.6,14.6,0.0,0.2,92.8
780,2015-03-31,15.9,15.9,15.9,0.0,2.3,82.1
780,2015-04-01,15.6,15.6,15.6,0.0,3.1,97.9
780,2015-04-02,13.3,13.3,13.3,0.0,3.4,94.9
781,2015-03-31,13.6,13.6,13.6,0.0,1.2,89.2
781,2015-04-01,15.5,15.5,15.5,0.0,1.6,98.0
781,2015-04-02,12.7,12.7,12.7,0.0,7.2,86.8
782,2015-03-31,10.5,10.5,10.5,0.0,1.0,90.0
782,2015-04-01,14.4,14.4,14.4,0.0,0.1,93.1
782,2015-04-02,8.6,8.6,8.6,0.5,4.1,99.0
783,2015-03-31,8.5,8.5,8.5,0.0,0.2,
783,2015-04-01,15.1,15.1,15.1,0.0,0.8,
783,2015-04-02,12.5,12.5,12.5,0.0,1.5,
784,2015-03-31,9.9,9.9,9.9,0.0,1.1,
784,2015-04-01,15.7,15.7,15.7,0.0,1.1,
784,2015-04-02,12.4,12.4,12.4,0.0,6.2,
785,2015-03-31,9.5,9.5,9.5,0.0,0.0,
785,2015-04-01,14.5,14.5,14.5,0.0,0.0,
785,2015-04-02,11.7,11.7,11.7,0.5,1.6,
786,2015-03-31,13.4,13.4,13.4,0.0,0.9,
786,2015-04-01,13.0,13.0,13.0,0.0,1.0,
786,2015-04-02,11.4,11.4,11.4,0.0,4.2,
787,2015-03-31,12.8,12.8,12.8,0.0,0.0,
787,2015-04-01,14.3,14.3,14.3,0.0,1.8,
787,2015-04-02,10.2,10.2,10.2,0.0,9.4,
788,2015-03-31,12.4,12.4,12.4,0.0,0.0,
788,2015-04-01,16.1,16.1,16.1,0.0,0.0,
788,2015-04-02,13.0,13.0,13.0,0.0,1.4,
789,2015-03-31,11.0,11.0,11.0,0.0,0.7,
789,2015-04-01,14.3,14.3,14.3,0.0,0.6,
789,2015-04-02,12.5,12.5,12.5,0.0,4.7,
790,2015-03-31,13.3,13.3,13.3,0.0,0.2,99.0
790,2015-04-01,14.4,14.4,14.4,0.0,1.8,99.0
790,2015-04-02,10.8,10.8,10.8,0.0,4.8,92.8
791,2015-03-31,10.2,10.2,10.2,0.0,0.8,90.2
791,2015-04-01,12.6,12.6,12.6,0.0,0.0,99.9
791,2015-04-02,8.0,8.0,8.0,0.0,0.0,99.9
792,2015-03-31,14.7,14.7,14.7,0.0,2.4,
792,2015-04-01,15.6,15.6,15.6,0.0,3.8,
792,2015-04-02,12.8,12.8,12.8,0.0,4.3,
793,2015-03-31,15.4,15.4,15.4,0.0,3.0,82.0
793,2015-04-01,14.3,14.3,14.3,0.0,1.4,99.9
793,2015-04-02,13.3,13.3,13.3,0.0,9.2,91.7
794,2015-03-31,8.7,8.7,8.7,0.0,0.8,
794,2015-04-01,13.2,13.2,13.2,0.0,0.3,
794,2015-04-02,10.9,10.9,10.9,0.0,0.4,
795,2015-03-31,10.4,10.4,10.4,0.0,1.0,
795,2015-04-01,14.8,14.8,14.8,0.0,0.4,
795,2015-04-02,12.2,12.2,12.2,0.0,3.7,
796,2015-03-31,13.5,13.5,13.5,0.0,1.0,
796,2015-04-01,15.3,15.3,15.3,0.0,0.3,
796,2015-04-02,10.9,10.9,10.9,0.0,7.2,
797,2015-03-31,11.3,11.3,11.3,0.0,0.1,
797,2015-04-01,12.1,12.1,12.1,0.0,0.0,
797,2015-04-02,9.9,9.9,9.9,0.0,11.7,
798,2015-03-31,11.0,11.0,11.0,0.0,5.5,91.3
798,2015-04-01,12.3,12.3,12.3,0.0,0.5,99.9
798,2015-04-02,10.1,10.1,10.1,0.0,13.9,91.3
799,2015-03-31,11.7,11.7,11.7,0.0,2.6,
799,2015-04-01,13.6,13.6,13.6,0.0,0.1,
799,2015-04-02,11.5,11.5,11.5,0.0,5.0,
800,2015-03-31,11.6,11.6,11.6,0.0,1.0,
800,2015-04-01,14.0,14.0,14.0,0.0,0.5,
800,2015-04-02,7.9,7.9,7.9,0.0,1.1,
801,2015-03-31,8.7,8.7,8.7,0.0,0.0,80.6
801,2015-04-01,12.2,12.2,12.2,0.0,,99.9
801,2015-04-02,7.0,7.0,7.0,0.0,0.0,80.6
802,2015-03-31,7.2,7.2,7.2,0.0,0.4,
802,2015-04-01,15.6,15.6,15.6,0.0,3.1,
802,2015-04-02,6.5,6.5,6.5,0.0,0.3,
803,2015-03-31,9.9,9.9,9.9,0.0,0.5,
803,2015-04-01,11.8,11.8,11.8,0.0,0.3,
803,2015-04-02,7.5,7.5,7.5,0.0,1.9,
804,2015-03-31,14.5,14.5,14.5,0.0,3.3,65.7
804,2015-04-01,14.7,14.7,14.7,0.0,1.6,90.5
804,2015-04-02,8.3,8.3,8.3,0.0,2.8,80.2
805,2015-03-31,9.1,9.1,9.1,0.0,1.7,
805,2015-04-01,13.2,13.2,13.2,0.0,1.0,
805,2015-04-02,7.1,7.1,7.1,0.0,0.5,
806,2015-03-31,10.3,10.3,10.3,0.0,1.0,
806,2015-04-01,12.6,12.6,12.6,0.0,0.9,
806,2015-04-02,8.8,8.8,8.8,0.0,1.0,
807,2015-03-31,8.2,8.2,8.2,0.0,0.5,90.0
807,2015-04-01,12.9,12.9,12.9,0.0,0.2,96.5
807,2015-04-02,8.3,8.3,8.3,0.0,0.3,95.3
808,2015-03-31,15.8,15.8,15.8,0.0,7.0,56.5
808,2015-04-01,15.3,15.3,15.3,0.0,0.9,87.5
808,2015-04-02,10.3,10.3,10.3,0.0,3.9,76.4
809,2015-03-31,9.6,9.6,9.6,0.0,1.7,86.8
809,2015-04-01,11.9,11.9,11.9,0.0,0.1,96.9
809,2015-04-02,7.6,7.6,7.6,0.0,1.7,96.9
810,2015-03-31,11.3,11.3,11.3,0.0,0.9,73.8
810,2015-04-01,13.6,13.6,13.6,0.0,0.1,92.3
810,2015-04-02,9.3,9.3,9.3,0.0,2.1,73.0
811,2015-03-31,10.0,10.0,10.0,0.0,1.4,82.2
811,2015-04-01,14.2,14.2,14.2,0.0,0.4,95.2
811,2015-04-02,8.2,8.2,8.2,0.0,2.3,85.3
812,2015-03-31,13.1,13.1,13.1,0.0,0.9,84.9
812,2015-04-01,13.4,13.4,13.4,0.0,0.1,97.9
812,2015-04-02,9.3,9.3,9.3,0.0,0.0,85.4
813,2015-03-31,9.6,9.6,9.6,0.0,1.2,82.4
813,2015-04-01,13.6,13.6,13.6,0.0,1.0,94.6
813,2015-04-02,9.3,9.3,9.3,0.0,1.6,79.8
814,2015-03-31,13.8,13.8,13.8,0.0,4.1,35.5
814,2015-04-01,10.4,10.4,10.4,0.0,0.0,95.1
814,2015-04-02,5.6,5.6,5.6,0.0,0.1,79.2
815,2015-03-31,9.7,9.7,9.7,0.0,0.2,70.4
815,2015-04-01,11.3,11.3,11.3,0.0,0.9,99.2
815,2015-04-02,7.5,7.5,7.5,0.0,0.3,91.4
816,2015-03-31,14.5,14.5,14.5,0.0,2.0,67.8
816,2015-04-01,13.8,13.8,13.8,0.0,0.5,97.9
816,2015-04-02,9.7,9.7,9.7,0.0,2.6,86.4
817,2015-03-31,8.7,8.7,8.7,0.0,2.9,75.2
817,2015-04-01,12.1,12.1,12.1,0.0,1.7,99.1
817,2015-04-02,4.6,4.6,4.6,0.0,1.1,90.5
818,2015-03-31,12.0,12.0,12.0,0.0,2.7,
818,2015-04-01,11.2,11.2,11.2,0.0,0.1,
818,2015-04-02,7.4,7.4,7.4,0.0,2.1,
819,2015-03-31,7.8,7.8,7.8,0.0,0.9,
819,2015-04-01,11.5,11.5,11.5,0.0,0.1,
819,2015-04-02,6.7,6.7,6.7,0.0,1.1,
820,2015-03-31,11.6,11.6,11.6,0.0,0.8,
820,2015-04-01,12.3,12.3,12.3,0.0,0.8,
820,2015-04-02,8.8,8.8,8.8,0.0,2.0,
821,2015-03-31,9.3,9.3,9.3,0.0,0.2,80.7
821,2015-04-01,11.8,11.8,11.8,0.0,0.3,99.0
821,2015-04-02,8.4,8.4,8.4,0.0,1.5,90.5
822,2015-03-31,,,,0.0,,
822,2015-04-01,13.0,13.0,13.0,0.0,0.0,84.7
822,2015-04-02,8.3,8.3,8.3,0.0,0.3,93.7
823,2015-03-31,9.4,9.4,9.4,0.0,0.7,82.1
823,2015-04-01,11.8,11.8,11.8,0.0,0.1,95.4
823,2015-04-02,7.9,7.9,7.9,0.0,1.6,80.0
824,2015-03-31,11.9,11.9,11.9,0.0,,
824,2015-04-01,12.7,12.7,12.7,0.0,,
824,2015-04-02,8.0,8.0,8.0,0.0,,
825,2015-03-31,11.2,11.2,11.2,0.0,0.7,74.1
825,2015-04-01,13.9,13.9,13.9,0.0,0.0,88.2
825,2015-04-02,9.1,9.1,9.1,0.0,0.3,84.0
826,2015-03-31,9.9,9.9,9.9,0.0,1.0,
826,2015-04-01,14.0,14.0,14.0,0.0,1.1,
826,2015-04-02,9.4,9.4,9.4,0.0,1.8,
827,2015-03-31,14.9,14.9,14.9,0.0,1.9,61.9
827,2015-04-01,15.4,15.4,15.4,0.0,0.3,80.8
827,2015-04-02,9.2,9.2,9.2,0.0,2.3,73.6
828,2015-03-31,13.3,13.3,13.3,0.0,2.0,
828,2015-04-01,14.1,14.1,14.1,0.0,1.7,
828,2015-04-02,9.2,9.2,9.2,0.0,1.0,
829,2015-03-31,9.8,9.8,9.8,0.0,1.7,
829,2015-04-01,14.6,14.6,14.6,0.0,1.4,
829,2015-04-02,8.9,8.9,8.9,0.0,3.2,
830,2015-03-31,10.0,10.0,10.0,0.0,0.9,
830,2015-04-01,16.2,16.2,16.2,0.0,1.7,
830,2015-04-02,8.8,8.8,8.8,0.0,1.8,
831,2015-03-31,11.0,11.0,11.0,0.0,1.8,41.0
831,2015-04-01,9.3,9.3,9.3,0.0,0.1,96.0
831,2015-04-02,2.5,2.5,2.5,0.0,0.4,87.7
832,2015-03-31,10.0,10.0,10.0,0.0,0.3,79.5
832,2015-04-01,12.3,12.3,12.3,0.0,0.0,98.7
832,2015-04-02,9.0,9.0,9.0,0.0,1.0,84.7
833,2015-03-31,10.4,10.4,10.4,0.0,1.8,
833,2015-04-01,11.6,11.6,11.6,0.0,0.0,
833,2015-04-02,7.6,7.6,7.6,0.0,1.2,
834,2015-03-31,9.5,9.5,9.5,0.0,0.6,71.3
834,2015-04-01,11.0,11.0,11.0,0.0,0.0,99.0
834,2015-04-02,6.5,6.5,6.5,0.0,2.3,94.2
835,2015-03-31,9.8,9.8,9.8,0.0,0.5,
835,2015-04-01,10.9,10.9,10.9,0.0,0.1,
835,2015-04-02,5.2,5.2,5.2,0.0,1.7,
836,2015-03-31,6.6,6.6,6.6,0.0,0.2,91.9
836,2015-04-01,11.6,11.6,11.6,0.0,0.9,99.0
836,2015-04-02,5.8,5.8,5.8,0.0,1.1,90.8
837,2015-03-31,8.3,8.3,8.3,0.0,0.5,
837,2015-04-01,11.0,11.0,11.0,0.0,0.0,
837,2015-04-02,7.1,7.1,7.1,0.0,0.8,
838,2015-03-31,11.1,11.1,11.1,0.0,0.7,
838,2015-04-01,10.6,10.6,10.6,0.0,0.3,
838,2015-04-02,6.0,6.0,6.0,0.0,1.8,
839,2015-03-31,11.5,11.5,11.5,0.0,0.8,
839,2015-04-01,13.0,13.0,13.0,0.0,0.7,
839,2015-04-02,8.5,8.5,8.5,0.0,0.3,
840,2015-03-31,13.4,13.4,13.4,0.0,1.1,76.9
840,2015-04-01,14.3,14.3,14.3,0.0,0.2,95.0
840,2015-04-02,8.2,8.2,8.2,0.0,1.1,87.5
841,2015-03-31,8.1,8.1,8.1,0.0,0.2,
841,2015-04-01,12.9,12.9,12.9,0.0,0.1,
841,2015-04-02,8.5,8.5,8.5,0.0,1.7,
842,2015-03-31,13.7,13.7,13.7,0.0,2.3,
842,2015-04-01,14.0,14.0,14.0,0.0,0.6,
842,2015-04-02,7.9,7.9,7.9,0.0,2.7,
843,2015-03-31,8.3,8.3,8.3,0.0,0.4,
843,2015-04-01,14.9,14.9,14.9,0.0,1.5,
843,2015-04-02,5.6,5.6,5.6,0.0,0.3,
844,2015-03-31,6.7,6.7,6.7,0.0,0.2,
844,2015-04-01,14.1,14.1,14.1,0.0,0.9,
844,2015-04-02,8.3,8.3,8.3,0.0,0.6,
845,2015-03-31,13.3,13.3,13.3,0.0,0.3,
845,2015-04-01,15.0,15.0,15.0,0.0,0.8,
845,2015-04-02,9.8,9.8,9.8,0.0,3.7,
846,2015-03-31,13.8,13.8,13.8,0.0,1.5,
846,2015-04-01,14.1,14.1,14.1,0.0,1.0,
846,2015-04-02,9.0,9.0,9.0,0.0,3.4,
847,2015-03-31,11.4,11.4,11.4,0.0,1.1,
847,2015-04-01,12.3,12.3,12.3,0.0,0.5,
847,2015-04-02,8.4,8.4,8.4,0.0,0.5,
848,2015-03-31,11.6,11.6,11.6,0.0,0.3,
848,2015-04-01,15.1,15.1,15.1,0.0,1.0,
848,2015-04-02,9.2,9.2,9.2,0.0,2.1,
849,2015-03-31,10.4,10.4,10.4,0.0,1.5,
849,2015-04-01,12.4,12.4,12.4,0.0,0.1,
849,2015-04-02,8.8,8.8,8.8,0.0,2.3,
850,2015-03-31,12.1,12.1,12.1,0.0,0.5,66.1
850,2015-04-01,14.7,14.7,14.7,0.0,2.3,88.9
850,2015-04-02,10.5,10.5,10.5,0.0,6.4,73.0
851,2015-03-31,5.4,5.4,5.4,0.0,0.1,
851,2015-04-01,15.3,15.3,15.3,0.0,1.4,
851,2015-04-02,5.7,5.7,5.7,0.0,0.4,
852,2015-03-31,14.4,14.4,14.4,0.0,2.7,
852,2015-04-01,13.3,13.3,13.3,0.0,5.0,
852,2015-04-02,7.3,7.3,7.3,0.0,2.6,
853,2015-03-31,9.5,9.5,9.5,0.0,0.4,
853,2015-04-01,11.7,11.7,11.7,0.0,0.1,
853,2015-04-02,4.7,4.7,4.7,0.0,0.3,
854,2015-03-31,14.5,14.5,14.5,0.0,5.2,70.7
854,2015-04-01,15.5,15.5,15.5,0.0,2.0,98.6
854,2015-04-02,7.9,7.9,7.9,0.0,0.8,93.2
855,2015-03-31,15.1,15.1,15.1,0.0,4.1,88.7
855,2015-04-01,14.3,14.3,14.3,0.0,3.8,99.9
855,2015-04-02,13.7,13.7,13.7,0.0,13.7,97.6
856,2015-03-31,9.3,9.3,9.3,0.0,1.5,97.9
856,2015-04-01,13.5,13.5,13.5,0.0,0.0,99.5
856,2015-04-02,8.9,8.9,8.9,0.0,0.0,99.5
857,2015-03-31,11.1,11.1,11.1,0.0,0.5,99.8
857,2015-04-01,14.5,14.5,14.5,0.0,0.4,99.7
857,2015-04-02,11.7,11.7,11.7,0.0,4.3,94.6
858,2015-03-31,8.6,8.6,8.6,0.0,0.7,97.4
858,2015-04-01,13.8,13.8,13.8,0.5,1.6,99.5
858,2015-04-02,11.9,11.9,11.9,0.0,7.3,78.3
859,2015-03-31,13.4,13.4,13.4,0.0,2.7,
859,2015-04-01,14.0,14.0,14.0,0.0,1.6,
859,2015-04-02,6.9,6.9,6.9,0.0,1.2,
870,2015-03-31,7.5,7.5,7.5,0.0,4.5,34.9
870,2015-04-01,12.3,12.3,12.3,0.0,4.3,93.0
870,2015-04-02,7.6,7.6,7.6,0.0,2.2,90.1
871,2015-03-31,6.9,6.9,6.9,0.0,3.6,40.2
871,2015-04-01,11.0,11.0,11.0,0.0,3.9,94.9
871,2015-04-02,7.6,7.6,7.6,0.0,1.1,91.4
872,2015-03-31,6.9,6.9,6.9,0.0,1.5,78.5
872,2015-04-01,13.9,13.9,13.9,0.0,0.8,96.9
872,2015-04-02,6.5,6.5,6.5,0.0,0.6,96.9
873,2015-03-31,7.9,7.9,7.9,0.0,3.6,71.3
873,2015-04-01,10.0,10.0,10.0,0.0,1.9,99.9
873,2015-04-02,2.2,2.2,2.2,0.0,9.5,99.9
874,2015-03-31,6.0,6.0,6.0,0.0,0.0,
874,2015-04-01,10.6,10.6,10.6,0.5,0.6,
874,2015-04-02,4.9,4.9,4.9,0.0,0.2,
875,2015-03-31,3.6,3.6,3.6,0.0,17.5,
875,2015-04-01,5.2,5.2,5.2,0.5,0.7,
875,2015-04-02,-1.2,-1.2,-1.2,0.0,6.5,
876,2015-03-31,18.5,18.5,18.5,0.0,1.7,35.1
876,2015-04-01,12.6,12.6,12.6,0.0,4.2,96.8
876,2015-04-02,7.1,7.1,7.1,0.0,0.3,91.3
877,2015-03-31,10.4,10.4,10.4,0.0,0.8,74.5
877,2015-04-01,12.0,12.0,12.0,0.5,1.7,99.9
877,2015-04-02,6.8,6.8,6.8,0.0,1.9,85.2
878,2015-03-31,12.4,12.4,12.4,0.0,2.7,48.0
878,2015-04-01,11.5,11.5,11.5,0.0,0.1,97.3
878,2015-04-02,0.9,0.9,0.9,0.0,0.4,99.9
879,2015-03-31,8.6,8.6,8.6,0.0,6.4,58.0
879,2015-04-01,8.4,8.4,8.4,1.5,1.3,99.9
879,2015-04-02,-1.4,-1.4,-1.4,0.0,1.0,99.9
881,2015-03-31,8.8,8.8,8.8,0.0,2.6,99.9
881,2015-04-01,12.9,12.9,12.9,0.0,2.0,99.9
881,2015-04-02,11.5,11.5,11.5,0.0,3.2,99.9
882,2015-03-31,10.1,10.1,10.1,0.0,0.0,82.5
882,2015-04-01,14.8,14.8,14.8,0.0,0.5,98.3
882,2015-04-02,11.8,11.8,11.8,0.0,2.5,82.4
884,2015-03-31,14.8,14.8,14.8,0.0,0.2,86.3
884,2015-04-01,15.0,15.0,15.0,0.5,1.9,99.0
884,2015-04-02,11.9,11.9,11.9,0.0,6.4,97.8
885,2015-03-31,14.0,14.0,14.0,0.0,3.4,96.0
885,2015-04-01,15.2,15.2,15.2,0.0,2.8,99.0
885,2015-04-02,11.2,11.2,11.2,0.0,3.4,99.0
886,2015-03-31,7.3,7.3,7.3,0.0,1.6,99.9
886,2015-04-01,13.7,13.7,13.7,0.0,1.6,99.9
886,2015-04-02,10.5,10.5,10.5,0.5,3.1,99.9
887,2015-03-31,9.5,9.5,9.5,0.0,0.8,75.7
887,2015-04-01,12.8,12.8,12.8,0.0,1.5,96.2
887,2015-04-02,10.5,10.5,10.5,0.0,2.7,73.8
888,2015-03-31,10.2,10.2,10.2,0.0,1.0,68.4
888,2015-04-01,11.9,11.9,11.9,0.0,0.5,99.9
888,2015-04-02,9.7,9.7,9.7,0.0,2.8,77.8
889,2015-03-31,9.4,9.4,9.4,0.0,0.3,79.6
889,2015-04-01,12.9,12.9,12.9,0.0,0.1,97.6
889,2015-04-02,11.3,11.3,11.3,0.0,0.7,62.7
900,2015-03-31,11.2,11.2,11.2,0.0,1.0,69.9
900,2015-04-01,14.7,14.7,14.7,0.0,1.1,90.0
900,2015-04-02,8.6,8.6,8.6,0.0,1.0,80.6
901,2015-03-31,13.2,13.2,13.2,0.0,3.4,93.0
901,2015-04-01,14.0,14.0,14.0,0.0,3.5,97.9
901,2015-04-02,10.3,10.3,10.3,0.0,5.8,89.2
902,2015-03-31,8.8,8.8,8.8,0.0,0.5,97.4
902,2015-04-01,12.8,12.8,12.8,0.0,1.0,97.5
902,2015-04-02,8.9,8.9,8.9,0.0,0.3,97.4
903,2015-03-31,8.9,8.9,8.9,0.0,,
903,2015-04-01,13.1,13.1,13.1,0.0,,
903,2015-04-02,8.8,8.8,8.8,0.0,,
905,2015-03-31,10.3,10.3,10.3,0.0,0.7,
905,2015-04-01,14.0,14.0,14.0,0.0,0.7,
905,2015-04-02,9.6,9.6,9.6,0.0,0.7,
906,2015-03-31,10.4,10.4,10.4,0.0,0.3,
906,2015-04-01,12.7,12.7,12.7,0.0,0.4,
906,2015-04-02,10.3,10.3,10.3,0.0,0.7,
907,2015-03-31,12.4,12.4,12.4,0.0,0.9,88.1
907,2015-04-01,13.5,13.5,13.5,0.5,1.0,99.9
907,2015-04-02,9.9,9.9,9.9,0.0,1.8,92.5
908,2015-03-31,9.7,9.7,9.7,0.0,0.9,80.6
908,2015-04-01,14.6,14.6,14.6,0.0,0.2,94.9
908,2015-04-02,10.5,10.5,10.5,0.0,1.9,69.2
909,2015-03-31,13.4,13.4,13.4,0.0,2.4,
909,2015-04-01,15.0,15.0,15.0,0.5,2.1,
909,2015-04-02,9.9,9.9,9.9,0.0,6.8,
910,2015-03-31,12.6,12.6,12.6,0.0,2.7,77.3
910,2015-04-01,14.3,14.3,14.3,0.5,1.5,96.2
910,2015-04-02,9.4,9.4,9.4,0.0,6.5,81.5
911,2015-03-31,12.1,12.1,12.1,0.0,2.3,98.9
911,2015-04-01,15.0,15.0,15.0,2.0,1.9,99.0
911,2015-04-02,10.6,10.6,10.6,0.0,13.8,93.2
912,2015-03-31,8.3,8.3,8.3,0.0,0.2,
912,2015-04-01,11.7,11.7,11.7,0.0,0.0,
912,2015-04-02,8.9,8.9,8.9,0.0,1.8,
913,2015-03-31,11.2,11.2,11.2,0.0,0.5,
913,2015-04-01,14.4,14.4,14.4,0.0,0.2,
913,2015-04-02,10.9,10.9,10.9,0.0,2.8,
914,2015-03-31,8.7,8.7,8.7,0.0,,
914,2015-04-01,11.4,11.4,11.4,0.0,,
914,2015-04-02,7.2,7.2,7.2,0.0,,
915,2015-03-31,7.9,7.9,7.9,0.0,1.1,
915,2015-04-01,13.1,13.1,13.1,0.0,0.4,
915,2015-04-02,8.4,8.4,8.4,0.0,0.6,
916,2015-03-31,9.6,9.6,9.6,0.0,0.6,98.3
916,2015-04-01,13.6,13.6,13.6,0.0,0.4,99.0
916,2015-04-02,9.3,9.3,9.3,0.0,1.5,94.8
917,2015-03-31,12.8,12.8,12.8,0.0,1.0,
917,2015-04-01,13.8,13.8,13.8,0.0,1.2,
917,2015-04-02,9.2,9.2,9.2,0.0,1.0,
918,2015-03-31,9.9,9.9,9.9,0.0,1.7,91.6
918,2015-04-01,14.2,14.2,14.2,0.0,0.7,95.4
918,2015-04-02,10.4,10.4,10.4,0.0,1.8,85.6
919,2015-03-31,13.7,13.7,13.7,0.0,2.0,64.5
919,2015-04-01,13.7,13.7,13.7,0.0,0.5,97.9
919,2015-04-02,9.5,9.5,9.5,0.0,3.3,74.6
920,2015-03-31,9.2,9.2,9.2,0.0,0.6,92.6
920,2015-04-01,13.8,13.8,13.8,0.0,0.6,95.8
920,2015-04-02,9.3,9.3,9.3,0.0,0.5,92.1
921,2015-03-31,12.6,12.6,12.6,0.0,4.5,81.2
921,2015-04-01,13.8,13.8,13.8,0.0,0.1,99.8
921,2015-04-02,10.2,10.2,10.2,0.0,2.5,78.8
922,2015-03-31,8.8,8.8,8.8,0.0,0.7,
922,2015-04-01,13.2,13.2,13.2,0.0,0.1,
922,2015-04-02,9.3,9.3,9.3,0.0,0.9,
923,2015-03-31,12.9,12.9,12.9,0.0,1.3,
923,2015-04-01,14.5,14.5,14.5,0.0,1.0,
923,2015-04-02,10.4,10.4,10.4,0.0,3.2,
924,2015-03-31,14.3,14.3,14.3,0.0,2.5,86.4
924,2015-04-01,14.4,14.4,14.4,0.0,2.0,94.3
924,2015-04-02,11.3,11.3,11.3,0.0,5.5,82.9
925,2015-03-31,9.4,9.4,9.4,0.0,1.0,87.0
925,2015-04-01,13.9,13.9,13.9,0.0,1.4,98.3
925,2015-04-02,9.7,9.7,9.7,0.0,1.6,88.3
926,2015-03-31,9.7,9.7,9.7,0.0,0.6,
926,2015-04-01,13.7,13.7,13.7,0.0,0.0,
926,2015-04-02,9.7,9.7,9.7,0.0,1.2,
927,2015-03-31,8.9,8.9,8.9,0.0,0.6,
927,2015-04-01,13.9,13.9,13.9,0.0,0.5,
927,2015-04-02,9.4,9.4,9.4,0.0,0.8,
928,2015-03-31,15.2,15.2,15.2,0.0,,
928,2015-04-01,16.1,16.1,16.1,0.0,,
928,2015-04-02,9.3,9.3,9.3,0.0,,
929,2015-03-31,9.7,9.7,9.7,0.0,0.8,
929,2015-04-01,13.7,13.7,13.7,0.0,0.8,
929,2015-04-02,8.8,8.8,8.8,0.0,0.5,
930,2015-03-31,10.7,10.7,10.7,0.0,0.0,99.9
930,2015-04-01,14.2,14.2,14.2,0.0,0.0,99.9
930,2015-04-02,10.9,10.9,10.9,0.0,4.4,78.2
931,2015-03-31,13.3,13.3,13.3,0.0,1.9,96.8
931,2015-04-01,15.0,15.0,15.0,0.0,1.7,99.9
931,2015-04-02,10.6,10.6,10.6,0.0,5.3,80.9
932,2015-03-31,11.4,11.4,11.4,0.0,0.4,82.9
932,2015-04-01,13.7,13.7,13.7,0.0,0.2,91.1
932,2015-04-02,10.8,10.8,10.8,0.0,1.2,69.4
933,2015-03-31,9.6,9.6,9.6,0.0,1.0,
933,2015-04-01,13.1,13.1,13.1,0.5,1.5,
933,2015-04-02,9.1,9.1,9.1,0.0,3.2,
934,2015-03-31,7.5,7.5,7.5,0.0,0.2,
934,2015-04-01,13.3,13.3,13.3,0.0,0.0,
934,2015-04-02,9.1,9.1,9.1,0.0,0.7,
935,2015-03-31,9.9,9.9,9.9,0.0,,
935,2015-04-01,13.3,13.3,13.3,0.0,,
935,2015-04-02,8.6,8.6,8.6,0.0,,
936,2015-03-31,10.7,10.7,10.7,0.0,3.0,
936,2015-04-01,13.1,13.1,13.1,0.0,0.3,
936,2015-04-02,8.9,8.9,8.9,0.0,1.0,
937,2015-03-31,14.7,14.7,14.7,0.0,4.1,64.9
937,2015-04-01,14.6,14.6,14.6,0.5,1.1,95.2
937,2015-04-02,10.2,10.2,10.2,0.0,3.8,76.9
938,2015-03-31,13.7,13.7,13.7,0.0,3.1,
938,2015-04-01,14.9,14.9,14.9,0.5,0.3,
938,2015-04-02,10.1,10.1,10.1,0.0,2.7,
939,2015-03-31,10.4,10.4,10.4,0.0,0.9,
939,2015-04-01,14.3,14.3,14.3,0.0,0.6,
939,2015-04-02,9.8,9.8,9.8,0.0,3.0,
940,2015-03-31,13.3,13.3,13.3,0.0,0.5,
940,2015-04-01,14.4,14.4,14.4,0.0,0.2,
940,2015-04-02,9.9,9.9,9.9,0.0,2.1,
941,2015-03-31,13.2,13.2,13.2,0.0,0.7,
941,2015-04-01,14.3,14.3,14.3,0.0,0.0,
941,2015-04-02,10.4,10.4,10.4,0.0,1.4,
942,2015-03-31,15.6,15.6,15.6,0.0,2.0,
942,2015-04-01,14.9,14.9,14.9,1.5,0.3,
942,2015-04-02,11.2,11.2,11.2,0.0,3.7,
943,2015-03-31,15.6,15.6,15.6,0.0,2.9,57.2
943,2015-04-01,16.9,16.9,16.9,0.0,3.0,89.7
943,2015-04-02,11.3,11.3,11.3,0.0,4.0,72.2
944,2015-03-31,9.7,9.7,9.7,0.0,1.0,
944,2015-04-01,13.6,13.6,13.6,0.5,0.9,
944,2015-04-02,9.7,9.7,9.7,0.0,0.0,
945,2015-03-31,9.5,9.5,9.5,0.0,0.3,
945,2015-04-01,12.1,12.1,12.1,0.0,0.2,
945,2015-04-02,7.1,7.1,7.1,0.0,0.8,
946,2015-03-31,7.7,7.7,7.7,0.0,0.5,
946,2015-04-01,11.4,11.4,11.4,0.0,0.2,
946,2015-04-02,7.8,7.8,7.8,0.0,0.8,
947,2015-03-31,12.0,12.0,12.0,0.0,1.1,
947,2015-04-01,15.8,15.8,15.8,0.5,0.9,
947,2015-04-02,11.0,11.0,11.0,0.0,8.3,
948,2015-03-31,8.9,8.9,8.9,0.0,0.1,
948,2015-04-01,12.9,12.9,12.9,0.0,0.1,
948,2015-04-02,8.8,8.8,8.8,0.0,1.0,
949,2015-03-31,14.0,14.0,14.0,0.0,,
949,2015-04-01,15.3,15.3,15.3,0.0,,
949,2015-04-02,10.9,10.9,10.9,0.0,,
950,2015-03-31,12.7,12.7,12.7,0.0,2.7,79.2
950,2015-04-01,14.6,14.6,14.6,0.5,0.0,99.9
950,2015-04-02,9.8,9.8,9.8,0.0,3.7,77.5
951,2015-03-31,8.7,8.7,8.7,0.0,0.8,99.0
951,2015-04-01,14.2,14.2,14.2,0.0,0.2,99.0
951,2015-04-02,12.1,12.1,12.1,0.0,5.1,95.8
953,2015-03-31,10.0,10.0,10.0,0.0,1.3,96.0
953,2015-04-01,13.5,13.5,13.5,0.0,0.5,97.9
953,2015-04-02,10.3,10.3,10.3,0.0,2.9,84.1
954,2015-03-31,13.7,13.7,13.7,0.0,2.8,71.2
954,2015-04-01,14.3,14.3,14.3,0.0,2.3,96.9
954,2015-04-02,10.1,10.1,10.1,0.0,5.1,80.6
955,2015-03-31,7.8,7.8,7.8,0.0,2.9,
955,2015-04-01,11.7,11.7,11.7,0.0,5.0,
955,2015-04-02,9.9,9.9,9.9,0.0,6.1,
956,2015-03-31,5.3,5.3,5.3,0.0,0.0,
956,2015-04-01,8.0,8.0,8.0,0.0,4.0,
956,2015-04-02,9.6,9.6,9.6,0.0,4.7,
957,2015-03-31,12.2,12.2,12.2,0.0,7.1,
957,2015-04-01,13.4,13.4,13.4,0.0,3.2,
957,2015-04-02,9.5,9.5,9.5,0.0,6.6,
958,2015-03-31,12.5,12.5,12.5,0.0,5.9,
958,2015-04-01,11.2,11.2,11.2,0.0,2.0,
958,2015-04-02,11.3,11.3,11.3,0.0,3.6,
959,2015-03-31,12.1,12.1,12.1,0.0,4.9,
959,2015-04-01,12.1,12.1,12.1,0.0,0.3,
959,2015-04-02,11.3,11.3,11.3,0.0,15.3,
960,2015-03-31,16.0,16.0,16.0,0.0,2.8,
960,2015-04-01,14.9,14.9,14.9,0.0,4.2,
960,2015-04-02,13.4,13.4,13.4,0.0,10.2,
961,2015-03-31,13.4,13.4,13.4,0.0,1.6,
961,2015-04-01,14.1,14.1,14.1,0.0,1.8,
961,2015-04-02,11.5,11.5,11.5,0.0,14.0,
962,2015-03-31,15.6,15.6,15.6,0.0,3.0,
962,2015-04-01,14.4,14.4,14.4,0.0,0.6,
962,2015-04-02,11.1,11.1,11.1,0.0,6.3,
966,2015-03-31,8.5,8.5,8.5,0.0,0.9,96.7
966,2015-04-01,11.2,11.2,11.2,0.0,3.4,99.9
966,2015-04-02,9.3,9.3,9.3,0.0,7.3,83.7
967,2015-03-31,10.1,10.1,10.1,0.0,1.9,90.0
967,2015-04-01,12.2,12.2,12.2,0.0,3.0,99.9
967,2015-04-02,10.1,10.1,10.1,0.0,9.1,80.2
968,2015-03-31,14.2,14.2,14.2,0.0,1.3,76.8
968,2015-04-01,14.9,14.9,14.9,0.0,1.0,99.6
968,2015-04-02,10.5,10.5,10.5,0.0,9.0,81.3
969,2015-03-31,14.9,14.9,14.9,0.0,6.6,71.4
969,2015-04-01,14.0,14.0,14.0,0.5,0.9,99.7
969,2015-04-02,10.6,10.6,10.6,0.0,7.1,84.6
